USE [dev_dealreg]
GO
/****** Object:  Schema [gbl]    Script Date: 15-04-2020 16:12:38 ******/
CREATE SCHEMA [gbl]
GO
/****** Object:  Schema [out]    Script Date: 15-04-2020 16:12:38 ******/
CREATE SCHEMA [out]
GO
/****** Object:  Schema [ref]    Script Date: 15-04-2020 16:12:38 ******/
CREATE SCHEMA [ref]
GO
/****** Object:  Table [dbo].[__MigrationHistory]    Script Date: 15-04-2020 16:12:38 ******/
SET ANSI_NULLS ON
GO
SET QUOTED_IDENTIFIER ON
GO
CREATE TABLE [dbo].[__MigrationHistory](
	[MigrationId] [nvarchar](150) NOT NULL,
	[ContextKey] [nvarchar](300) NOT NULL,
	[Model] [varbinary](max) NOT NULL,
	[ProductVersion] [nvarchar](32) NOT NULL,
 CONSTRAINT [PK_dbo.__MigrationHistory] PRIMARY KEY CLUSTERED 
(
	[MigrationId] ASC,
	[ContextKey] ASC
)WITH (PAD_INDEX = OFF, STATISTICS_NORECOMPUTE = OFF, IGNORE_DUP_KEY = OFF, ALLOW_ROW_LOCKS = ON, ALLOW_PAGE_LOCKS = ON, OPTIMIZE_FOR_SEQUENTIAL_KEY = OFF) ON [PRIMARY]
) ON [PRIMARY] TEXTIMAGE_ON [PRIMARY]
GO
/****** Object:  Table [gbl].[tbl_Clients]    Script Date: 15-04-2020 16:12:39 ******/
SET ANSI_NULLS ON
GO
SET QUOTED_IDENTIFIER ON
GO
CREATE TABLE [gbl].[tbl_Clients](
	[ClientID] [int] IDENTITY(1,1) NOT NULL,
	[Name] [varchar](150) NOT NULL,
	[Address] [varchar](500) NOT NULL,
	[ContactPerson] [varchar](150) NULL,
	[GeoID] [int] NOT NULL,
	[CountryID] [int] NOT NULL,
	[StateID] [int] NOT NULL,
	[CreatedBy] [int] NOT NULL,
	[CreatedOn] [datetime] NOT NULL,
	[ModifiedBy] [int] NULL,
	[ModifiedOn] [datetime] NULL,
 CONSTRAINT [PK_gbl.tbl_Clients] PRIMARY KEY CLUSTERED 
(
	[ClientID] ASC
)WITH (PAD_INDEX = OFF, STATISTICS_NORECOMPUTE = OFF, IGNORE_DUP_KEY = OFF, ALLOW_ROW_LOCKS = ON, ALLOW_PAGE_LOCKS = ON, OPTIMIZE_FOR_SEQUENTIAL_KEY = OFF) ON [PRIMARY]
) ON [PRIMARY]
GO
/****** Object:  Table [gbl].[tbl_RolePermissions]    Script Date: 15-04-2020 16:12:39 ******/
SET ANSI_NULLS ON
GO
SET QUOTED_IDENTIFIER ON
GO
CREATE TABLE [gbl].[tbl_RolePermissions](
	[RolePermissionID] [int] IDENTITY(1,1) NOT NULL,
	[RoleID] [int] NOT NULL,
	[CanAdd] [bit] NOT NULL,
	[CanView] [bit] NOT NULL,
	[CanEdit] [bit] NOT NULL,
	[CanDelete] [bit] NOT NULL,
	[CanNotify] [bit] NOT NULL,
	[CreatedBy] [int] NOT NULL,
	[CreatedOn] [datetime] NOT NULL,
	[ModifiedBy] [int] NULL,
	[ModifiedOn] [datetime] NULL,
 CONSTRAINT [PK_gbl.tbl_RolePermissions] PRIMARY KEY CLUSTERED 
(
	[RolePermissionID] ASC
)WITH (PAD_INDEX = OFF, STATISTICS_NORECOMPUTE = OFF, IGNORE_DUP_KEY = OFF, ALLOW_ROW_LOCKS = ON, ALLOW_PAGE_LOCKS = ON, OPTIMIZE_FOR_SEQUENTIAL_KEY = OFF) ON [PRIMARY]
) ON [PRIMARY]
GO
/****** Object:  Table [out].[tbl_DealRegComments]    Script Date: 15-04-2020 16:12:39 ******/
SET ANSI_NULLS ON
GO
SET QUOTED_IDENTIFIER ON
GO
CREATE TABLE [out].[tbl_DealRegComments](
	[DealRegCommentsID] [int] IDENTITY(1,1) NOT NULL,
	[DealRegID] [int] NOT NULL,
	[Comments] [varchar](500) NOT NULL,
	[CreatedBy] [int] NOT NULL,
	[CreatedOn] [datetime] NOT NULL,
	[ModifiedBy] [int] NULL,
	[ModifiedOn] [datetime] NULL,
 CONSTRAINT [PK_out.tbl_DealRegComments] PRIMARY KEY CLUSTERED 
(
	[DealRegCommentsID] ASC
)WITH (PAD_INDEX = OFF, STATISTICS_NORECOMPUTE = OFF, IGNORE_DUP_KEY = OFF, ALLOW_ROW_LOCKS = ON, ALLOW_PAGE_LOCKS = ON, OPTIMIZE_FOR_SEQUENTIAL_KEY = OFF) ON [PRIMARY]
) ON [PRIMARY]
GO
/****** Object:  Table [out].[tbl_DealRegistration]    Script Date: 15-04-2020 16:12:39 ******/
SET ANSI_NULLS ON
GO
SET QUOTED_IDENTIFIER ON
GO
CREATE TABLE [out].[tbl_DealRegistration](
	[DealRegID] [int] IDENTITY(1,1) NOT NULL,
	[UserID] [int] NOT NULL,
	[GeoID] [int] NOT NULL,
	[CountryID] [int] NOT NULL,
	[StateID] [int] NULL,
	[TimeLineID] [int] NOT NULL,
	[DateOfReg] [datetime] NOT NULL,
	[ClientID] [int] NOT NULL,
	[ClientName] [varchar](150) NULL,
	[ClientAddress] [varchar](500) NULL,
	[ClientContactPerson] [varchar](150) NULL,
	[UserComments] [varchar](500) NULL,
	[IsActive] [bit] NOT NULL,
	[DealStatusID] [int] NOT NULL,
	[ProjectID] [int] NOT NULL,
	[CreatedBy] [int] NOT NULL,
	[CreatedOn] [datetime] NOT NULL,
	[ModifiedBy] [int] NULL,
	[ModifiedOn] [datetime] NULL,
 CONSTRAINT [PK_out.tbl_DealRegistration] PRIMARY KEY CLUSTERED 
(
	[DealRegID] ASC
)WITH (PAD_INDEX = OFF, STATISTICS_NORECOMPUTE = OFF, IGNORE_DUP_KEY = OFF, ALLOW_ROW_LOCKS = ON, ALLOW_PAGE_LOCKS = ON, OPTIMIZE_FOR_SEQUENTIAL_KEY = OFF) ON [PRIMARY]
) ON [PRIMARY]
GO
/****** Object:  Table [out].[tbl_DealRegStatusHistory]    Script Date: 15-04-2020 16:12:39 ******/
SET ANSI_NULLS ON
GO
SET QUOTED_IDENTIFIER ON
GO
CREATE TABLE [out].[tbl_DealRegStatusHistory](
	[DealRegStatusHistoryID] [int] IDENTITY(1,1) NOT NULL,
	[DealRegID] [int] NOT NULL,
	[DealStatusID] [int] NOT NULL,
	[Comments] [varchar](500) NOT NULL,
	[CreatedBy] [int] NOT NULL,
	[CreatedOn] [datetime] NOT NULL,
	[ModifiedBy] [int] NULL,
	[ModifiedOn] [datetime] NULL,
 CONSTRAINT [PK_out.tbl_DealRegStatusHistory] PRIMARY KEY CLUSTERED 
(
	[DealRegStatusHistoryID] ASC
)WITH (PAD_INDEX = OFF, STATISTICS_NORECOMPUTE = OFF, IGNORE_DUP_KEY = OFF, ALLOW_ROW_LOCKS = ON, ALLOW_PAGE_LOCKS = ON, OPTIMIZE_FOR_SEQUENTIAL_KEY = OFF) ON [PRIMARY]
) ON [PRIMARY]
GO
/****** Object:  Table [out].[tbl_DealRegSubscribers]    Script Date: 15-04-2020 16:12:39 ******/
SET ANSI_NULLS ON
GO
SET QUOTED_IDENTIFIER ON
GO
CREATE TABLE [out].[tbl_DealRegSubscribers](
	[DealRegSubscriberID] [int] IDENTITY(1,1) NOT NULL,
	[DealRegID] [int] NOT NULL,
	[UserID] [int] NOT NULL,
	[CreatedBy] [int] NOT NULL,
	[CreatedOn] [datetime] NOT NULL,
	[ModifiedBy] [int] NULL,
	[ModifiedOn] [datetime] NULL,
 CONSTRAINT [PK_out.tbl_DealRegSubscribers] PRIMARY KEY CLUSTERED 
(
	[DealRegSubscriberID] ASC
)WITH (PAD_INDEX = OFF, STATISTICS_NORECOMPUTE = OFF, IGNORE_DUP_KEY = OFF, ALLOW_ROW_LOCKS = ON, ALLOW_PAGE_LOCKS = ON, OPTIMIZE_FOR_SEQUENTIAL_KEY = OFF) ON [PRIMARY]
) ON [PRIMARY]
GO
/****** Object:  Table [out].[tbl_Users]    Script Date: 15-04-2020 16:12:39 ******/
SET ANSI_NULLS ON
GO
SET QUOTED_IDENTIFIER ON
GO
CREATE TABLE [out].[tbl_Users](
	[UserID] [int] IDENTITY(1,1) NOT NULL,
	[RoleID] [int] NOT NULL,
	[FirstName] [varchar](100) NOT NULL,
	[LastName] [nvarchar](100) NOT NULL,
	[Email] [nvarchar](100) NOT NULL,
	[Password] [nvarchar](100) NOT NULL,
	[PhoneNumber] [nvarchar](30) NULL,
	[IsActive] [bit] NOT NULL,
	[CreatedBy] [int] NOT NULL,
	[CreatedOn] [datetime] NOT NULL,
	[ModifiedBy] [int] NULL,
	[ModifiedOn] [datetime] NULL,
 CONSTRAINT [PK_out.tbl_Users] PRIMARY KEY CLUSTERED 
(
	[UserID] ASC
)WITH (PAD_INDEX = OFF, STATISTICS_NORECOMPUTE = OFF, IGNORE_DUP_KEY = OFF, ALLOW_ROW_LOCKS = ON, ALLOW_PAGE_LOCKS = ON, OPTIMIZE_FOR_SEQUENTIAL_KEY = OFF) ON [PRIMARY]
) ON [PRIMARY]
GO
/****** Object:  Table [ref].[tbl_Country]    Script Date: 15-04-2020 16:12:39 ******/
SET ANSI_NULLS ON
GO
SET QUOTED_IDENTIFIER ON
GO
CREATE TABLE [ref].[tbl_Country](
	[CountryID] [int] IDENTITY(1,1) NOT NULL,
	[CountryName] [varchar](100) NOT NULL,
	[CreatedBy] [int] NOT NULL,
	[CreatedOn] [datetime] NOT NULL,
	[ModifiedBy] [int] NULL,
	[ModifiedOn] [datetime] NULL,
 CONSTRAINT [PK_ref.tbl_Country] PRIMARY KEY CLUSTERED 
(
	[CountryID] ASC
)WITH (PAD_INDEX = OFF, STATISTICS_NORECOMPUTE = OFF, IGNORE_DUP_KEY = OFF, ALLOW_ROW_LOCKS = ON, ALLOW_PAGE_LOCKS = ON, OPTIMIZE_FOR_SEQUENTIAL_KEY = OFF) ON [PRIMARY]
) ON [PRIMARY]
GO
/****** Object:  Table [ref].[tbl_DealStatus]    Script Date: 15-04-2020 16:12:39 ******/
SET ANSI_NULLS ON
GO
SET QUOTED_IDENTIFIER ON
GO
CREATE TABLE [ref].[tbl_DealStatus](
	[DealStatusID] [int] IDENTITY(1,1) NOT NULL,
	[DealStatusName] [varchar](100) NOT NULL,
	[CreatedBy] [int] NOT NULL,
	[CreatedOn] [datetime] NOT NULL,
	[ModifiedBy] [int] NULL,
	[ModifiedOn] [datetime] NULL,
 CONSTRAINT [PK_ref.tbl_DealStatus] PRIMARY KEY CLUSTERED 
(
	[DealStatusID] ASC
)WITH (PAD_INDEX = OFF, STATISTICS_NORECOMPUTE = OFF, IGNORE_DUP_KEY = OFF, ALLOW_ROW_LOCKS = ON, ALLOW_PAGE_LOCKS = ON, OPTIMIZE_FOR_SEQUENTIAL_KEY = OFF) ON [PRIMARY]
) ON [PRIMARY]
GO
/****** Object:  Table [ref].[tbl_Geo]    Script Date: 15-04-2020 16:12:39 ******/
SET ANSI_NULLS ON
GO
SET QUOTED_IDENTIFIER ON
GO
CREATE TABLE [ref].[tbl_Geo](
	[GeoID] [int] IDENTITY(1,1) NOT NULL,
	[GeoName] [varchar](100) NOT NULL,
	[CreatedBy] [int] NULL,
	[CreatedOn] [datetime] NOT NULL,
	[ModifiedBy] [int] NULL,
	[ModifiedOn] [datetime] NULL,
 CONSTRAINT [PK_ref.tbl_Geo] PRIMARY KEY CLUSTERED 
(
	[GeoID] ASC
)WITH (PAD_INDEX = OFF, STATISTICS_NORECOMPUTE = OFF, IGNORE_DUP_KEY = OFF, ALLOW_ROW_LOCKS = ON, ALLOW_PAGE_LOCKS = ON, OPTIMIZE_FOR_SEQUENTIAL_KEY = OFF) ON [PRIMARY]
) ON [PRIMARY]
GO
/****** Object:  Table [ref].[tbl_Projects]    Script Date: 15-04-2020 16:12:39 ******/
SET ANSI_NULLS ON
GO
SET QUOTED_IDENTIFIER ON
GO
CREATE TABLE [ref].[tbl_Projects](
	[ProjectID] [int] IDENTITY(1,1) NOT NULL,
	[ProjectName] [varchar](150) NOT NULL,
	[CreatedBy] [int] NOT NULL,
	[CreatedOn] [datetime] NOT NULL,
	[ModifiedBy] [int] NULL,
	[ModifiedOn] [datetime] NULL,
 CONSTRAINT [PK_ref.tbl_Projects] PRIMARY KEY CLUSTERED 
(
	[ProjectID] ASC
)WITH (PAD_INDEX = OFF, STATISTICS_NORECOMPUTE = OFF, IGNORE_DUP_KEY = OFF, ALLOW_ROW_LOCKS = ON, ALLOW_PAGE_LOCKS = ON, OPTIMIZE_FOR_SEQUENTIAL_KEY = OFF) ON [PRIMARY]
) ON [PRIMARY]
GO
/****** Object:  Table [ref].[tbl_Roles]    Script Date: 15-04-2020 16:12:39 ******/
SET ANSI_NULLS ON
GO
SET QUOTED_IDENTIFIER ON
GO
CREATE TABLE [ref].[tbl_Roles](
	[RoleID] [int] IDENTITY(1,1) NOT NULL,
	[RoleName] [varchar](100) NOT NULL,
	[RoleDesc] [varchar](150) NULL,
	[CreatedBy] [int] NOT NULL,
	[CreatedOn] [datetime] NOT NULL,
	[ModifiedBy] [int] NULL,
	[ModifiedOn] [datetime] NULL,
 CONSTRAINT [PK_ref.tbl_Roles] PRIMARY KEY CLUSTERED 
(
	[RoleID] ASC
)WITH (PAD_INDEX = OFF, STATISTICS_NORECOMPUTE = OFF, IGNORE_DUP_KEY = OFF, ALLOW_ROW_LOCKS = ON, ALLOW_PAGE_LOCKS = ON, OPTIMIZE_FOR_SEQUENTIAL_KEY = OFF) ON [PRIMARY]
) ON [PRIMARY]
GO
/****** Object:  Table [ref].[tbl_State]    Script Date: 15-04-2020 16:12:39 ******/
SET ANSI_NULLS ON
GO
SET QUOTED_IDENTIFIER ON
GO
CREATE TABLE [ref].[tbl_State](
	[StateID] [int] IDENTITY(1,1) NOT NULL,
	[CountryID] [int] NOT NULL,
	[StateName] [varchar](100) NOT NULL,
	[CreatedBy] [int] NOT NULL,
	[CreatedOn] [datetime] NOT NULL,
	[ModifiedBy] [int] NULL,
	[ModifiedOn] [datetime] NULL,
 CONSTRAINT [PK_ref.tbl_State] PRIMARY KEY CLUSTERED 
(
	[StateID] ASC
)WITH (PAD_INDEX = OFF, STATISTICS_NORECOMPUTE = OFF, IGNORE_DUP_KEY = OFF, ALLOW_ROW_LOCKS = ON, ALLOW_PAGE_LOCKS = ON, OPTIMIZE_FOR_SEQUENTIAL_KEY = OFF) ON [PRIMARY]
) ON [PRIMARY]
GO
/****** Object:  Table [ref].[tbl_TimeLine]    Script Date: 15-04-2020 16:12:39 ******/
SET ANSI_NULLS ON
GO
SET QUOTED_IDENTIFIER ON
GO
CREATE TABLE [ref].[tbl_TimeLine](
	[TimeLineID] [int] IDENTITY(1,1) NOT NULL,
	[TimeLineName] [varchar](100) NOT NULL,
	[CreatedBy] [int] NOT NULL,
	[CreatedOn] [datetime] NOT NULL,
	[ModifiedBy] [int] NULL,
	[ModifiedOn] [datetime] NULL,
 CONSTRAINT [PK_ref.tbl_TimeLine] PRIMARY KEY CLUSTERED 
(
	[TimeLineID] ASC
)WITH (PAD_INDEX = OFF, STATISTICS_NORECOMPUTE = OFF, IGNORE_DUP_KEY = OFF, ALLOW_ROW_LOCKS = ON, ALLOW_PAGE_LOCKS = ON, OPTIMIZE_FOR_SEQUENTIAL_KEY = OFF) ON [PRIMARY]
) ON [PRIMARY]
GO
INSERT [dbo].[__MigrationHistory] ([MigrationId], [ContextKey], [Model], [ProductVersion]) VALUES (N'202002040405235_dealRegDB', N'DealReg.DataModels.DealRegDbContext', 0x1F8B0800000000000400ED5DDD6EDC38B2BE3FC07987465F0EB26E3BC10067037B07193B993536891B716670EE02B99BB675562DF54AEA8C8DC579B273B18FB4AF70A87FFE155994A89FF608018C3445168BC5AF8A64B148FEFBFFFE75FED3D32E587C2771E247E1C5F2ECE474B920E126DAFAE1C3C5F290DEFFE9BF963FFDE53FFFE3FCFD76F7B4F8ADCAF726CB474B86C9C5F2314DF76F57AB64F348765E72B2F337719444F7E9C926DAADBC6DB47A7D7AFAE7D5D9D98A50124B4A6BB138FF7208537F47F21FF4E765146EC83E3D78C1A7684B82A44CA75F6E73AA8BCFDE8E247B6F432E9657C40BBE9087932B2FF58ADCCBC5BBC0F72827B724B85F2EBC308C522FA57CBEFD3521B7691C850FB77B9AE0055F9FF784E6BBF7828494FCBF6DB2639B72FA3A6BCAAA295891DA1C9234DA59123C7B53CA6625166F25E1652D3B2ABDF754CAE973D6EA5C8217CBCBC027614A2526D6F5F63288B37C8D7CF3B23E499AFF94855F2DC42CAF6A6050FC64FF5E2D2E0F417A88C945480E69EC05AF16EBC35DE06FFE469EBF467F27E1457808029655CA2CFDC625D0A4751CED499C3E7F21F75C03AEAF968B155F7A2516AF0B4B258B765E87E99BD7CBC567CA887717901A158C4C6ED32826BF9090C45E4AB66B2F4D494C3BF57A4B72B94A3C0835667FABDA280CA9462D179FBCA78F247C481FA9AEFD4875E883FF44B6554AC9C1AFA14F1590164AE3035170A8AFF5DD761B9324D154FCE3692F1553254EBD4DBAA650C8B0DBB9DDFADA7E2191B92F4D0C532B143F7725734BD1423AF312930C633F3F3B217353CB9F5A49F2D5DFD9F72635ADFEBDAFE008574CC58150F2B3F7DD7FC8154DDD2FCBC51712E4DF93477F5F58F7CA067DABF37C88A3DD9728686C5BF5E9DB6D748837990246EAEF5FBDF881A478B628E2B42CE5DF65766832C84AF6CD968D1C6E5A46CA1C322BF9079099E2AB8A9DF3553390E88797AA575A0D2F45E1718797C624588F2F586BE26E8029AB348D333D99FB3F98C5422B416E07DA28002D382AF8CB21D516F8A891D81DE8697533E02705F872BC6903F9BCE8A8A0AF676FB6B0474EFB9C5B7B27D3D55983A63CC92D66628A292EF7419AC8F15F3B4DE44A85BC8C76BBF6FE0281C8A86A2EF0D246E115248652FDB2EAEE0BDEAA3B07F70DCC9A2F76A69F5080176E3E850910C0F64D2ED45805535EC950180BB8B01D0CAB1D8C474D650AD6A383D518D25AFC9A90B8ABA97861EEB54C433FFA61673A99B6DFDCD3FEEC6C80B0EE680C15478E664C55EEBCCB98DA867529677AE37088D457769DBCDBA4FEF7BADF7E8EA869F6427B4452FB92A9C8013121D153A23FFF876CBA43721EEA51937C69D055CCF7A13CD0882E67B4F52E3770C231CDE6D7F0DD6433B3CEE475E5A297EA107CF5AAEF6646DB78EF4B25C3715967D6705AE631735B6574B7DF20CF33C58D07750E33AFF056848ED36A90C731DBE4D6F05B6532B35CE7B4E53A1B75B0CB81A63AB994A6156266736BA4129D5704959168BB1628CA8FBE0A6886DA360B01EC40EDD67350D43ABBFC26E534AF6D7B1B85280B8FAA0DCC74D15615D0334D777A5056394E48CEAC0480123463701B2DA84A8FAA06AC67C1560FF05E09778A50D5390F0793D204793ED74623442AA36A46E586B4D50A9CFBD29D466453E0AE4E8F0F7E9C1807977E54EAA33756CDEF779E1F0C5FEDDA4B92DFA3783B42CD8F11359C87DD1D893595BF99927BF08F6670752BED4CD195AB6B69B55BE46C56D4CA0CD22A5A9DABD3CAB960A4CD5090951CD5FC5766D5D6FCE3CCB15BF33F8EFDCC6ABE22C9A6FFAD9B3F9811B0DDAA2E1C247FA58A1BB50D5E56511ADD592532D461FF5AA27364A12FEEB6C9E6209A298CE53641341C76319134FA0290F7DC50AA9F9D38B95270370ECA8A6F8F6657CEDAE41EEE924DECD39974B7E04286CE24CC6DCD4E175BCB11393243EB22F86836742D0D5DA30C2833A7C90E1A055D993EB73ED98A119B9FBAEC98B6B9DD00CDAA599378E72799356A69F10422A32FEE1A5EDA2EF3780AC7E4EFBBF4C277DBDA03D5DA39E385BFF9E4770764DE6FFDD401992B1290B4BBCFC90B3F47A97FFFDC99D03C0E989D578259907C57AAEF92055466B23179EF9224DAF8396F5C046773529B6FE7FB70BB301CDB2E5657CCC166BAC6A2E6CCDF53034639B858FE20490FA65AB585A55AC5DBF154CF24AAD4EC9138B32D5E704985430DA91FA6B28DF4C38DBFF7023D034231A571050F2167E2AFEB11BF5C913D093313A8976B6706EA7A04836F92D2F98AC1080E3A59949EA983B9483D279061C3FA188A79C860AF50612AC6F492F2B86E2B883032EC54F100D0E08FC6415D099C936B3AB38C54C483437DB66E306BA2AC7E385BA294E7315992A2BF4D9A2F44A73AB1267C28AB09828E2D0A5739A6BF80D3D0ADAC0A27CD8E950F0015301E1FEA6173707ED3D9F26A1C8F24636CFF6056C8C4C97006C924FB63B04DBAB314682CA8DCB83DC14EE10116AAAA5CCFC3804FE607D3EBBA20EE6E1094BBC2053F63005137EFD61F95E9097A834FC9751C0C3337D7C979EA9374F02013BAC3A5534D3D014B3C14C5D45307E80F033081134C178311F8DD8026C8BE332763004E3FDF371D4BEB096CA32C05F45C0CB526D04BFC081707F5C90574EFCB47097B8299741291A9A83970310CD8445E303D0D9FA8E80639B103BAF33200F0D4A1A910160C71AA0D0EE41D543CE0F461AE4C25C54E442F40D3F280E9587574AA15C0B4C2EEC6C318164D8204DAE0C0FBEB3D59387073DE02E17D593C88370C20D42766BA593DA873BAF1331C40E11BB00C70415C8725C1B389EDB446A7F9322D0B6D700B4E236B583FC517D515586DE069EC9BCE1C0D07504374A90136D85053093B42CCBA355E91D1AAA38116C7DFE0C8C5F5D751C317E7823647130F00D9F1DDD1269EC670499BBAE6B8DCD2DAA05613625011AE3250D9E0747B98624264C7B3AB08EE86B7AA887E3A269BAA8B55B6408FC5C2CA1D64A7B7B8C27037ECF20AD349935F6029034721A0E8A348799F0F17E98EC7A236067518B7928E8581BC4A3A414FCCA9544402E777B4FA2189791B7875977D204FAA1BAE28ECCBF30E49791452C44446F896A47C14D772D1C41E8B815912AA040A555C8C4CA1FA62A090EF354BA5F35443C97CE742C57CB9ED63282EB926243A520E1C45C67A4324992C089AD57C5B49ADFA68A053EE24AAA8D41BB20612CD1E8744A2F964A0210F70122D398B8166A699AA7615F60CD767C2120AEA37211B92363B850029B399100DE6C60265D3B91C0245C6F048D6A0B92F97C905BC1227DA42F3E983BA2D8CF5914CAAF9B8014B0630342BBE911602C88D0FDC78298A47C9311BBED3B2D16C740E4342651BED1B2BBC852237571311CE71AB8E0967F8ADECB4A6C5EA28F05E3BB91C24E06E56843A287B898F7168D9D57C088351782DDA0D86E12A44800BD9D5EF256900611A0471847B45892E86142330C8DFA76F9AC2DBE74C6C0AB79E401B984938101E6050CDF191FA260126B69B9C7A35BA60001F463ACA603F7D63C4703F675212E3FB18C2CD4CD3BDB840A38D0954D3B70834E3DD043582616F26E30839A9E3ADF46D9222AE9C494B0AB16228836B0C7B9101F7D2C9E2424409710DD2C709318D312D72105415222A5742EE2125B38B8096DE43AB0702E8A1750635D01D6BD14BED45AB797F0C942C326243D56C73CC862C57C8ED61471F986BF42355D38554A0686D620D3A441BC842D03A143A84178C246EE30C19B72BDE6A5FBC17E10E3B63D6DF33040B15BD93DB7A2F57215CD861D57AF37618D46A2F3C4209D97E6443ED3E3A15F248E39B72F34B2155F326197E9B4C9801691C9FF87DB10EB3AAEA2A977A03A7FE76BEBADD3C929D57269CAF68960DD9A7072FF8146D4990541F3E79FBBD1F3E244DC9326571BBF73699DFE84FB7CBC5D32E08938BE5639AEEDFAE56494E3A39D9F99B384AA2FBF46413ED56DE365ABD3E3DFDF3EAEC6CB52B68AC369CB915B79BEA9AA811F41E88F03573B26C497E2DFB95977A775E76B9CFE576276593B6AB009F76551DBF2325F75AE5E1AEF267FFE7F4FA24E3A710E30940A691E307DAB46CC692B792289C7652495AF676E3055E2C5E8254BF37791905875D28A68A008429657F792A450A9E42FD88244BA44EC4D3119E87E41AC67FC2D32CCF4DB2B480A3943ABEEA93E53C4FE0817398567DEE89A5041E86D2F0D4DCA5C5F1D4245BD3BA1165DE24E369B1576AB1C4D8747B6A226B6CBA4CED7C25A89BB4772EE9B560644533813322A0B7DACE88A8C9608C08547208609785646BC27D98017EC40057FBC9ADC0AD208100B6B2549F169F1690815C27CE203E6210970EF08E3856FAF9114806CAF53E5B703D8391B583499EF5E388F54374C3765414033984CA18294062170A8AE0577CC677291399AEA069AB9C95C79BD74DC80FAEA134ABD344D549E7B36BA34F203DBC4269480C81FA2A569E2504C5CFC3545EEAF29EBDA88225A5BBC042D36FB4FE9B7BDA4542BF35C916D272E6782ACA28168C4CBA2D35A52B4AF8644B53E7965265B0D301B5F5E7BFE02936EF0CB2D49A54BB11AE393128AA3B7C9610A6C8DC2AC592D35C36A5E99979A49BE24807EEAA5A8F716A4AC8D10D2A3C1CD69B72B27D13BFCDA83F62D4D761871D310F445922000F961CC20E97856490731F66841F31C235A19A560887E820200E171D66FE5C959261CE7F99717EC4384744D758E1DD440F817B33897E57D7D5E163960A742019A692476DC8AAC324E3697DF454A49A543CA5F2B57B964C996431FAD54FD773435F9D6A41897D8A9E23C67E18631D385BAAC959AA2232ACA3795245BE214C92BA58BF06242B212B7D936A47A978A25DA454A4CE6A71C46AA10CBF76E36ED7D2C4BBDC0D640C6E77E9CD76850FDEF03E3CA21627CE7DF70E957993EC0FA0B94CD8B923BD85295A68AD8E884967B9B7BF550AAB79611C417F425B71B35E4D4EAFC463090EA68C1A72C8D9A396826EE2B6E69E971627706BCDF3D526CADDA7A8D503D21C5ACB342B2AC503D2029922D18A4EF182B440A748B4A2533D212D50AA92AD6855AF480BB4AAE4D9D44CDED448678CC42C75ED654AFDBB3E63549EEFE10E1EE512C88E11E52D4FCAB346E2819F22CB7241C5F4DDDF66877D6E9F9394EC72137572FB8FA0D88D6F327CF242FF9E24E9D7E8EF24BC58BE3E3D7BBD5CBC0B7C2F294E83954799DE8A17DAA1CE369DBDC9CE3691ED6E2516B73F21955149926DA0381F957513178D20DEE4FC37F22CF6708523E66D44203CE37C2516971E5BAF4B16F77CF9998073B3FE0BA1FD9FE9C8DA4B531253A95D67B711529EADDF612F96F14505DFBD78F3E8C5CBC527EFE923091FD2C78BE5D98FA7D634EB700F98EC8FA7F66485580F34CFF9B58806DA65E4122368E9AAC5EB704B9E2E96FFCC4BBC5D5CFFF7B7BCD0ABC54D4C01FF7671BAF8DF164DAA039DECAAAE0B76AABE8E8EB2ABBC2CD6ADE5CD80C154DE8EC84D8D862DFD99FA19A22D29B1C384921F0C88D8D101E647A6C48E0B7A33A47C47176786A0903A841D5282D4B521E2CE2A6974BB8DE198B1668F35F9E55214CE9421A0668CC9F6D735BEEA234433B646C796EA4D4914BA80705E33BE54235D4F166CD4C17C86F84420AE3D3A8303BBF1948C19F60A123D2A00E301B55380BA60C7C974B523E178DD31E3BF35FEA1C73A6C14A003F07B067CE5A9B7437B51AA13D4E7E5EAC0CB553678D1AEF6A66427069803431DED87D2ADD48A86A5EF08639784F34268438EA7DDA717893F3AE494F9267EAC207BE7DBF71A1F00603F4457653B01998975B7E3A02E38FB9DC618CC956F19A2877128EE0437922B41DBC7EC953D1B342FA246C7DD5A75BE0607BA3574A4C68C38B585720DB7357B4AC7EDFECB8CB51658531F74C1810D3EDA62461B30B3740D37FEB4CC6CDB46C79BE1354B14EED4916266CC29D6ADAEF156C5F1D8CDF18A529D2678CCD916B7286F4EBA1474435784CBB32F8EA93647615C13668FC56868BF19658D33DBA216B648F15E29CAFEA883F5CCF647611CFAB03F7D5881E6C08A5BBFC70CDBD63E66CDD10E2B3FB3E10007DAE92CD179B95B2E93F028CDFB3E13D449E8E0869D466A4E68E0D59123F2727571B4CDA8594F5A4EB9D6D0710CFCEC6BAD397A819B87F1145EE28AB03A0CD26151519D03E944A23802D2894475F6A31391EAD0C7BCC8EA53E399C762B8FD47E0296DF685E0EA4DDB828DE289E22AEDD32148FD7DE06F689574A521B54A7A68982753A5F1647E90C8502B43E24CD1BDE0929AA734F67CF938CB3AF6C38DBFF7028171219FD27869AEF83C5FD584C52F57644FC2CC00096DEC5C634D58B0A02639708F02E1BA5F0EAC6DFA2C7F7396E9AFFCF794BB5CFDA800322CB8B7AE066B1BA09B358FA8BBD7F1F2755C864899F242F41BBAEB7FBADAAD0A6DB6EEAF69E938BE13C0DB967BD2734D7D0374B9F4A8E1404A2F3F94C8D0933FBE105380B87D7D7A564182081849C3776FF5CCA8D0B155F27161457BA7B05DB850FF8831D53E06687A9C314E011FC3CD215B2162CCC9A40405754454D39FD577B61BEBB4E38285B2A9401F81D15EFDC3435BF51810E97D063A05700C3B276D058C894D4E81F8B6A65BEB0C6C773689C7850FCD8DD736E17BFDA3445FF70040915E0D570483F02F6873FD5924E0C1213F40CE10933FF6020EE0FE556C7C8B1528105751DBD43B86E530442A3AEADBA95B94561D095DE5D7B75581EB1D0E405558C6377D0B5C7533023F62A0084BB7F9D6DB1AB8D55A14B851D21E409A67202D6B1E0E425C24D57470C4079C29880B195E28A24C37331F11AC4670C94D064423BAE6DA21681AEE3926C26D42968909BB53418AFDFC52AD92F6DEE9E9DA24064E9399708F0EA79127DDB6581A75DA2D4414F6BC8E17E317455ADCB7A35FC59BAFDF1E7511FF9EBF19B8DEFC146EF195D0505E36CC87302C174D409B185F50DC037CB17CB8CB0EAC95217177C1B73A838417A18A6AB75BAEA2FA525511937BBE8A2A83A18A7C034C229FA742A4F38F06B2A5975C225CA643A4CBCF06E2D21A54AA46CA5155181D52AE422923AE6A669480EA66B2182A6772226AAF66D0CA7AAB8F907CD93C86BAEA6D30A9A2FA0B54CBBA7A69D45447E32E972A693E41B534390CB5C823BB549B9C05EAB32CA7B961C5F020555324430D2A1ECB42225058EE402814B2199028E44672C24E6B403ED84C262ED8BC08417363A752E65C0EC8284B1985AA99C1441A041A73CBE4E2470375B813374910CC7DFE0E0560C7F972FC48549403869815DF0C8B26E6661F6E9E222C418CBB60D8538C210336890F3A55344A1395EAA4C7B8E1312FA51EF9DAF756490FEE2FE596B03D8B03F61A1840A868252ED8D0495F425302F66126788877200676504748027662012E3CA139EAF9C3B44402D82A73A85827A3357AB3EB9919A2E940BC902A388A69459D36653180B60F13FCD3D9088EDEFC66628C9080E6CD7439D285690834FB1E5514EAE00C851810511C0AFF0FC37C91A0693AB4E850BF96DD030AE43A106840BC2CEEA48153501878C31D96147293DE5DF3549444BF074B087464B416936153199695CD6E74BF0253AE95E1D76E7B149D719A86DB6B753F551B4D44BA6D418D98D0BB893D234BF67D40EFB1F622320B238FDF31EBD7CC0F2A32E5268F4246E6CDA08ED301C04FA57C6A14DF6CE991C3FADBF9AA70739509F4A7F498E1F9EA0B5DDCD2695CF1EB8A24FE4343E29CD20CE94C9FDD3AA9F35C87F751B5832370546511AF0B20A9B7F552EF5D9CFAF7D97DE271B421B4BDE1C372F19B171C4876AFDF1DD95E873787747F486993C9EE2EE02C4DB613A4ABFF7C25F17C7EB3CF7E252E9A40D9F4B33B0E6EC29F0F7EB0ADF9FE20DFB90091C8B698CA2B42B2BECCB4863C3CD7943E47E27C1A22548AAFDE19FB4A76FB80124B6EC25B2FBB11D09E37AACB1FC983B7795E976F52C244CC1DC18BFDFCCAF71E626F9794349AF2F427C5F076F7F497FF07841FD31912320100, N'6.4.0')
INSERT [dbo].[__MigrationHistory] ([MigrationId], [ContextKey], [Model], [ProductVersion]) VALUES (N'202002111918528_AutomaticMigration', N'DealReg.DataModels.DealRegDbContext', 0x1F8B0800000000000400ED5DDD6E1CBB91BE0FB0EF3098CBC0D148360E901852021FC93E2BC4B60696CFC1DE19AD194AEA4D4FF76C778F2321C893E5228F945758F63FFF8A2C76B37F466E18103C6CB2582C7E55248B45F23FFFFAF7F95F9E76C1E23B89133F0A2F966727A7CB050937D1D60F1F2E9687F4FE0F7F5CFEE5CFFFF5BBF3F7DBDDD3E2B72ADF9B2C1F2D192617CBC734DDBF5DAD92CD23D979C9C9CEDFC45112DDA7279B68B7F2B6D1EAF5E9E99F5667672B42492C29ADC5E2FCCB214CFD1DC97FD09F9751B821FBF4E0059FA22D0992329D7EB9CDA92E3E7B3B92ECBD0DB9585E112FF8421E4EAEBCD42B722F17EF02DFA39CDC92E07EB9F0C2304ABD94F2F9F6D784DCA671143EDCEE6982177C7DDE139AEFDE0B1252F2FFB6C98E6DCAE9EBAC29ABA660456A7348D2686749F0EC4D299B9558BC958497B5ECA8F4DE5329A7CF59AB73095E2C2F039F8429959858D7DBCB20CEF235F2CDCBFA2469FE53167EB510B3BCAA8141F193FD7BB5B83C04E92126172139A4B117BC5AAC0F7781BFF92B79FE1AFD8D8417E12108585629B3F41B974093D671B42771FAFC85DC730DB8BE5A2E567CE99558BC2E2C952CDA791DA66F5E2F179F2923DE5D406A543032B94DA398FC4242127B29D9AEBD342531EDD4EB2DC9E52AF120D498FDAD6AA330A41AB55C7CF29E3E92F0217DA4BAF613D5A10FFE13D956292507BF863E55405A288D0F44C1A1BED677DB6D4C924453F14FA7BD544C9538F536E99A4221C36EE776EB6BFB8544E6BE34314CAD50FCDC95CC2D450BE9CC4B4C328CFDFCEC84CC4D2D7F6A25C9577F67DF9BD4B4FAF7BE82235C31150742C9CFDE77FF21573475BF2C175F48907F4F1EFD7D61DD2B1BF4ADCEF3218E765FA2A0B16DD5A76FB7D121DE640A18A9BF7FF5E20792E2D9A288D3B2947F97D9A1C9202BD9375B3672B869192973C8ACE41F40668AAF2A76CE57CD40A21F5EAA5E6935BC1485C71D5E1A93603DBE60AD89BB01A6ACD234CEF464EE7F308B855682DC0EB451005A7054F09743AA2DF05123B13BD0D3EAA605F81F0DDFE5F0D206E179D151315E4FD66C518E9CE53937EE4E66A7D35298973A42B49DD316132FC58C96FB20CDDBF8AF9DE66DA5425E46BB5D7BF78040645435177869A3F00A1243A97E5975F7F56DD59D83BB0266CD173BD34F28C00BAF9EC2040860FB26176AAC8229AF64288C055CD80E86D50EC6A3A63205EBD1C16A0C692D7E4D48DCD554BC306F5AA6A11FFDB0339D4CDB6FEE697F76364058EF33868A23BF32A62A77CE644C6DC37A9033BD713844EA2BBB4EDE6D52FF7BDD6F3F47D4347BA13D22A97DC954E4809890E829D19FFF4B36DD21390FF5A849BE34E82AE6FB501E68449733DA3A931B38E19866F36BF86EB2995967F2BAF2C84B7508AE79D57733A36D9CF5A592E1B8AC336B382DF398B9AD32BADB5E90E799E23E833A87995778E741C76935C8E3986D726BF8AD329959AE73DA729D8D3AD8E540539D5C4AD30A31B3B9355289CE2B82CA48B45D0B14E5475F0534436D9B850076A076EB39286A9D5D7E93729AD7B6BD8D42948547D50666BA68AB0AE899A63B3D28AB1C270267560240099A31B88D1654A5475503D6B360AB0778AF843B45A8EA9C87834969823C9F6BA31122955135A37243DA6A05CE7DE94E23B2297057A7C7073F4E8C834B3F2AF5D11BABE6F73BCF0F86AF76ED25C9DFA3783B42CD8F11359C87DD1D893595BF99927BF04733B8BA9576A6E8CAD5B5B4DA2D72362B6A65066915ADCED569E55C30D26628C84A8E6AFE2BB36A6BFE71E6D8ADF91FC77E66355F9164D3FFD6CD0F66046CB7AA0B07C97F53C58DDAC62AAB288DEEAC1219EAB07F2DD139B2D01777DB647310CD14C6729B201A0EBB98481A7D01C87B6E28D5CF4E9C5C29B81B0765C5B747B32B676D720F77C926F6E94CBA5B7021436712E6B666A78BADE5881C99A175117C341BBA9686AE51069499D364078D82AE4C9F5B9F6CC588CD4F5D764CDBDC6E8066D5AC49BCF393CC1AB5B4780291D117770D2F6D97793C8563F2F75D7AE1BB6DED816AED9CF1C2DF7CF2770764DE6FFDD401992B1290B4BBCFC90B3F47A97FFFDC99D03C0E989D578259907C57AAEF92055466B23179EF9224DAF8396F5C046773309B6FE7FB70BB309CD22E5657CC3966BAC6A2E6CCDF53034639B858FE5E921E4CB56A0B4BB58AB7E3A99E4954A9D92371665BBCE0920A871A523F4C651BE9871B7FEF057A0684624AE30A9E39CEC45FD7237EB9227B126626502FD7CE0CD4F50806DF24A5F31583111C74B2283D530773917A4E20C386F53114F390C15EA1C2548CE925E5E9DC56106164D8A9E201A0C11F8D83BA123827D7746619A9880787FA6CDD60D64459FD70B64429CF63B224457F9B345F884E75624DF8505613041D5B14AE724C7F01A7A15B59154E9A1D2B1F002A603C3ED4C3E6E0FCA6B3E5D5381E49C6D8FEC1AC908993E10C9249F6C7609B746729D05850B9717B829DC2032C5455B99E87019FCC0FA6D77541DCDD202877850B7EC600A26EDEAD3F2AD313F4069F92EB3818666EAE93F3D427E9E0412674874BA79A7A029678288AA9A70ED01F06600227982E0623F0BB014D907D674EC6009C7EBE6F3A96D613D846590AE8B9186A4DA097F8112E0EEA930BE8DE978F12F60433E92422535173E06218B089BC607A1A3E51D10D72620774E76500E0A94353212C18E2541B1CC83BA878C0E9C35C994A8A9D885E80A6E501D3B1EAE8542B806985DD8D87312C9A0409B4C181F7D77BB270E0E6BC05C2FBB278106F1840A84FCC74B37A50E774E3673880C2376019E082B80E4B826713DB698D4EF3655A16DAE0169C46D6B07E8A2FAA2BB0DAC0D3D8379D391A0EA086E852036CB0A1A612768498756BBC22A35547032D8EBFC1918BEBAFA3862FCE056D8E261E00B2E3BBA34D3C8DE1923675CD71B9A5B541AD26C4A0225C65A0B2C1E9F630C584C88E675711DC0D6F5511FD744C365517AB6C811E8B85953BC84E6F7185E16ED8E515A69326BFC052068E4240D14791F23E1F2ED21D8F456D0CEA306E251D0B03799574829E9853A98804CEEF68F54312F336F0EA2EFB409E54375C51D897E71D92F228A488898CF02D49F928AEE5A2893D1603B324540914AAB8189942F5C54021DF6B964AE7A98692F9CE858AF972DBC7505C724D4874A41C388A8CF5864832591034ABF9B6925AF5D140A7DC495451A937640D249A3D0E8944F3C940431EE0245A721603CD4C3355ED2AEC19AECF842514D46F4236246D760A01526633211ACC8D05CAA67339048A8CE191AC41735F2E930B78144EB485E6D307755B18EB239954F37103960C6068567C232D04901B1FB8F152148F9263367CA765A3D9E81C8684CA36DA3756780B456EAE26229CE3561D13CEF05BD9694D8BD551E0BD76723948C0DDAC087550F6121FE3D0B2ABF91006A3F05AB41B0CC355880017B2ABDF4BD200C23408E208F78A125D0C29466090BF4FDF3485B7CF99D8146E3D8136309370203CC0A09AE323F54D024C6C3739F56A74C1003E8C7494C17EFAC688E17ECEA424C6F731849B99A67B7181461B13A8A66F1168C6BB096A04C3DE4CC6117252C75BE9DB24455C3993961462C55006D718F62203EEA593C5858812E21AA48F13621A635AE420A82A4454AE84DC434A6617012DBD87560F04D043EB0C6AA03BD6A297DA8B56F3FE18285964C486AAD9E6980D59AE90DBC38E3E30D7E847AAA60BA940D1DAC41A7488369085A0752874082F1849DCC619326E57BCD5BE782FC21D76C6ACBF6708162A7A27B7F55EAE42B8B0C3AAF5E6ED30A8D55E788412B2FDC886DA7D742AE491C637E5E69742AAE64D32FC36993003D2383EF1FB621D6655D5552EF5064EFDED7C75BB79243BAF4C385FD12C1BB24F0F5EF029DA9220A93E7CF2F67B3F7C489A9265CAE276EF6D32BFD11F6E978BA75D102617CBC734DDBF5DAD929C7472B2F337719444F7E9C926DAADBC6DB47A7D7AFAA7D5D9D96A57D0586D38732B6E37D5355123E83D10E16BE664D992FC5AF62B2FF5EEBCEC729FCBED4ECA266D57013EEDAA3A7E474AEEB5CAC35DE5CFFECFE9F549C64F21C613804C23C70FB469D98C256F255138EDA492B4ECEDC60BBC58BC04A97E6FF2320A0EBB504C15010853CAFEF2548A143C85FA114996489D88A7233C0FC9358CFF84A7599E9B6469014729757CD527CB799EC003E730ADFADC134B093C0CA5E1A9B94B8BE3A949B6A67523CABC49C6D362AFD46289B1E9F6D444D6D87499DAF94A503769EF5CD26BC1C88A66026744406FB59D115193C11811A8E410C02E0BC9D684FB3003FC8801AEF6935B815B4102016C65A93E2D3E2D2003B94E9C417CC4202E1DE01D71ACF4F323900C94EB7DB6E07A06236B07933CEBC711EB87E886EDA82806720895315280C42E1414C1AFF88CEF5226325D41D356392B8F37AF9B901F5C436956A789AA93CE67D7469F407A7885D2901802F555AC3C4B088A9F87A9BCD4E53D7B51054B4A778185A6DF68FD37F7B48B847E6B922DA4E5CCF15494512C1899745B6A4A5794F0C996A6CE2DA5CA60A7036AEBCF7FC1536CDE1964A935A976235C7362505477F82C214C91B9558A25A7B96C4AD333F34837C5910EDC55B51EE3D49490A31B547838AC37E564FB267E9B517FC4A8AFC30E3B621E88B244001E2C39841D2E0BC920E73ECC083F62846B4235AD100ED141401C2E3ACCFCB92A25C39CFF32E3FC88718E88AEB1C2BB891E02F76612FDAEAEABC3C72C15E840324C258FDA90558749C6D3FAE8A94835A9784AE56BF72C9932C962F4AB9FAEE786BE3AD58212FB143D478CFD30C63A70B65493B35445645847F3A48A7C43982475B17E0D48564256FA26D58E52F144BB48A9489DD5E288D542197EEDC6DDAEA58977B91BC818DCEED29BED0A1FBCE17D78442D4E9CFBEE1D2AF326D90FA0B94CD8B923BD85295A68AD8E884967B9B7BF550AAB79611C417F425B71B35E4D4EAFC463090EA68C1A72C8D9A396826EE2B6E69E971627706BCDF3D526CADDA7A8D503D21C5ACB342B2AC503D2029922D18A4EF182B440A748B4A2533D212D50AA92AD6855AF480BB4AAE4D9D44CDED448678CC42C75ED654AFDBB3E63549EEFE10E1EE512C88E11E52D4FCAB346E2819F22CB7241C5F4DDDF66877D6E9F9394EC72137572FB7F41B11BDF64F8E485FE3D49D2AFD1DF4878B17C7D7AF67AB97817F85E529C062B8F32BD152FB4439D6D3A7B939D6D22DBDD4A2C6E7F422AA39224DB40713E2AEB262E1A41BCC9F9AFE459ECE10A47CCDB884078C6F94A2C2E3DB65E972CEEF9F23301E766FD1742FB3FD391B597A624A652BBCE6E23A43C5BBFC35E2CE38B0ABE7BF1E6D18B978B4FDED347123EA48F17CBB39F4EAD69D6E11E30D99F4EEDC90AB11E689EF36B110DB4CBC82546D0D2558BD7E1963C5D2CFF919778BBB8FE9F6F79A1578B9B9802FEEDE274F1CF164DAA039DECAAAE0B76AABE8E8EB2ABBC2CD6ADE5CD80C154DE8EC84D8D862DFD99FA19A22D29B1C384921F0C88D8D101E647A6C48E0B7A33A47C47176786A0903A841D5282D4B521E2CE2A6974BB8DE198B1668F35F9E55214CE9421A0668CC9F6D735BEEA2344C3620BD3973F1AB4544F4AA2C00544F39AE1A51AE87A3260A38EE5B3F59C08C4B527677060371E9231C35E41A24705601CA0760A5017EC3897AE36241C2F3B66FCB7C63FF456878D0274007ECF80AF1CF576682F4A7582FABC5A1D78B5CAC62EDAD5DE94ECC400735EA8A3FD507A955AD1B0741DA166C2FC7121B421C7D3EED389C49F1C72CA7C133E5690BDF3ED7B8DDFFFB71FA2ABB29D80CC84BADB7150179CDD4E630CE6CAA70CD1C3381476821BC995A0ED63F6CA1E0D9A1751A3E36EAD3A5E8303DD1A3A5163469CDA42B986DB9A3DA4E376FB65C65A0BACA9CFB9E0C0069F6C31A30D9859BA861B7F5866B66DA3E3CDF098250A77EA403133E614EB56D778ABC278ECE67845A94E133CE6688B5B9437075D0ABAA12BC2E5D117C7549B9330AE09B3A76234B4DF8CB2C6996D510B5BA478AE14657FD4B17A66FBA3300E7DD89F3EAC40735EC5ADDF63866D6B1FB3E66487959FD9707E03ED7496E8BCDC2D97497894E67D9F09EA24746EC34E23350734F0EAC81179B9BA38DA66D4AC272DA75C6BE834067EF6B5D69CBCC0CDC3780A2F7145589D05E9B0A8A88E817422519C00E944A23AFAD1894875E6635E64F5A9F1CC5B31DCFE23F09236FB4070F5A46DC146F1427195F6E910A4FE3EF037B44ABAD2905A25BD33CC93A9D27832BF97C8502B43E24CD1BDE0929AA734F67CF934CB3AF6C38DBFF7028171219FD278696EF83C5FD584C52F57644FC2CC00096DEC5C634D58B0A02639706F02E1BA5F8EAB6DFA2C7F7296E9AFFCF794BB5CFDA600322AB8B7AE066B1BA09B356FA8BBD7F1F2715C864899F242F41BBAEA7FBADAAD0A6DB6EEAF69E938BE13C0CB967BD2734D7D0374B9F4A6E1404A2FBF93C8D0933FBE105380B87C7D7A564182081849C3776FF5CAA8D0B155F27161457BA5B05DB850FF8831D53E06687A9C314E011FC3CD215B2162CCC9A40405754454D39FD577B61BEBB4E38285B2A9401F81D15EFDC3435BF51810E97D063A05700C3B276D058C894D4E81F8B6A65BEB0C6C773689C7850FCD85D736E17BFDA3445FF70040911E0D570483F00F6873FD5924E0C121BF3FCE10933FF6020EE0FA556C7C8B1528103751DBD43B86E530442A3AEADBA95B94561D09DDE4D7B75581EB1D0E405558C6377D0B5C7533023F62A0084BB7F9D6DB1AB8D55A14B850D21E409A57202D6B1E0E425C24D57470C4079C29880B195E28A24C17331F11AC4670C94D064423BAE6DA21681AEE3926C26D42968909BB53418AFDFC52AD92F6DAE9E9DA24064E9399708F0EA79127DDB6581A75DA2D4414F6BC8E17E317455ADCB7A35FC59B6FDF1E7511FF9EBF18B8DEFC142EF195D050DE35CC87302C174D409B185F505C037CB17CB8CB0EAC95217177C1B73A838417A18A6AB75BAEA2FA525511937BBE8A2A83A18A7C034C229FA742A4F38F06B2A5975C225CA643A4CBCF06E2D21A54AA46CA5155181D52AE422923AE6A669480EA66B2182A6772226AAF66D0CA7AAB8F907CD93C86BAEA6D30A9A2FA0B54CBBA7A68D45447E32E972A693E41B534390CB5C823BB549B9C05EAB32CA7B961C5F020555324430D2ADECA42225058EE402814B2199028E44672C24E6B403ED84C262ED8BC08417363A752E65C0EC8284B1985AA99C1441A041A73CBE4E2470375B813374910CC7DFE0C0560C7F972FC48549403869815DF0C8B26E6661F6E9E222C418CBB60D8538C210336890F3A55344A1395EAA4C7B8E1312FA51EF9DAF756490FEE2FE596B03D8B03F61A1840A868252ED8D0495F425302F65D26788877200676504748027662012E3CA139EAF9C3B44402D82A73A85827A3357AB3EB9919A2E940BC902A388A69459D36653180B60F13FCD3D9088EDEFC66628C9080E6C97439D285690834FB1E5514EAE00C851810511C0AFF0FC37C91A0693AB4E8503F96DD030AE43A1068403C2CEEA48153501878C31D96147293DE5DF3549444BF074B087464B416936153199695CD6E74BF0253AE95E1C76E7B149D719A86DB6B753F551B4D44BA6D418D98D0BB893D234BF67D40CFB1F622320B238FDF31EBD7CC0F2A32E5268F4246E6CDA08ED301C04FA57C6914DF6CE98DC3FADBF9AA70739509F4A7F496E1F9EA0B5DDCD2695CF1EB8A24FE4343E29CD20CE94C9FDD3AA9F35C87F751B5832370546511AF0B20A9B7F552EF5D9CFAF7D97DE271B421B4BDE1C372F19B171C4876AFDF1DD95E873787747F486993C9EE2EE02C4DB613A4ABFF7C25F17C7EB3CF7E252E9A40D9F4B33B0E6EC29F0F7EB0ADF9FE20DFB90091C8B698CA2B42B2BECCB4863C3CD7943E47E27C1A22548AAFDE19FB4A76FB80124B6EC25B2FBB11D09E37AACB1FC983B7795E974F52C244CC1DC18BFDFCCAF71E626F9794349AF2F427C5F076F7F4E7FF07AB599F4300320100, N'6.4.0')
SET IDENTITY_INSERT [gbl].[tbl_Clients] ON 

INSERT [gbl].[tbl_Clients] ([ClientID], [Name], [Address], [ContactPerson], [GeoID], [CountryID], [StateID], [CreatedBy], [CreatedOn], [ModifiedBy], [ModifiedOn]) VALUES (1, N'Ahold Delhaize USA', N'Quincy , MA', N'Kenneth Bollick', 1, 5, 0, 1, CAST(N'2020-03-29T14:55:46.350' AS DateTime), 1, CAST(N'2020-03-29T14:55:46.350' AS DateTime))
INSERT [gbl].[tbl_Clients] ([ClientID], [Name], [Address], [ContactPerson], [GeoID], [CountryID], [StateID], [CreatedBy], [CreatedOn], [ModifiedBy], [ModifiedOn]) VALUES (2, N'HYVEE ', N'Des Moines, IOWA', N'Luke Tingley', 1, 5, 0, 1, CAST(N'2020-03-29T14:56:38.913' AS DateTime), 1, CAST(N'2020-03-29T14:56:38.913' AS DateTime))
INSERT [gbl].[tbl_Clients] ([ClientID], [Name], [Address], [ContactPerson], [GeoID], [CountryID], [StateID], [CreatedBy], [CreatedOn], [ModifiedBy], [ModifiedOn]) VALUES (3, N'LIDL Supermarkets', N'Stuttgart', N'Dr Nikolaus Bluemein', 2, 1, 0, 1, CAST(N'2020-03-29T14:57:22.710' AS DateTime), 1, CAST(N'2020-03-29T14:57:22.710' AS DateTime))
INSERT [gbl].[tbl_Clients] ([ClientID], [Name], [Address], [ContactPerson], [GeoID], [CountryID], [StateID], [CreatedBy], [CreatedOn], [ModifiedBy], [ModifiedOn]) VALUES (4, N'Dairy Farm International ', N'Singapore', N'KC', 6, 2, 0, 1, CAST(N'2020-03-29T14:58:10.257' AS DateTime), 1, CAST(N'2020-03-29T14:58:10.257' AS DateTime))
INSERT [gbl].[tbl_Clients] ([ClientID], [Name], [Address], [ContactPerson], [GeoID], [CountryID], [StateID], [CreatedBy], [CreatedOn], [ModifiedBy], [ModifiedOn]) VALUES (5, N'ABCD', N'-UTD', N'MR NITIN', 1, 5, 0, 1, CAST(N'2020-04-03T14:39:26.667' AS DateTime), NULL, CAST(N'2020-04-03T14:39:26.667' AS DateTime))
INSERT [gbl].[tbl_Clients] ([ClientID], [Name], [Address], [ContactPerson], [GeoID], [CountryID], [StateID], [CreatedBy], [CreatedOn], [ModifiedBy], [ModifiedOn]) VALUES (6, N'ABC', N'160 East Remington Drive
Lincon Glen Apartments, Apartment # 241.', N'Subho', 1, 5, 0, 92, CAST(N'2020-04-03T15:01:43.167' AS DateTime), NULL, CAST(N'2020-04-03T15:01:43.167' AS DateTime))
INSERT [gbl].[tbl_Clients] ([ClientID], [Name], [Address], [ContactPerson], [GeoID], [CountryID], [StateID], [CreatedBy], [CreatedOn], [ModifiedBy], [ModifiedOn]) VALUES (7, N'ABC', N'160 East Remington Drive
Lincon Glen Apartments, Apartment # 241.', N'Subho', 1, 5, 0, 92, CAST(N'2020-04-03T15:02:22.243' AS DateTime), NULL, CAST(N'2020-04-03T15:02:22.243' AS DateTime))
SET IDENTITY_INSERT [gbl].[tbl_Clients] OFF
SET IDENTITY_INSERT [out].[tbl_DealRegistration] ON 

INSERT [out].[tbl_DealRegistration] ([DealRegID], [UserID], [GeoID], [CountryID], [StateID], [TimeLineID], [DateOfReg], [ClientID], [ClientName], [ClientAddress], [ClientContactPerson], [UserComments], [IsActive], [DealStatusID], [ProjectID], [CreatedBy], [CreatedOn], [ModifiedBy], [ModifiedOn]) VALUES (1, 1, 2, 1, 0, 1, CAST(N'2020-03-29T15:05:49.617' AS DateTime), 3, N'LIDL Supermarkets', N'Stuttgart', N'Dr Nikolaus Bluemein', N'LIDL has confirmed that UST Global has won the deal ; now we need to close the SOW', 1, 2, 1, 1, CAST(N'2020-03-29T15:05:49.617' AS DateTime), NULL, NULL)
INSERT [out].[tbl_DealRegistration] ([DealRegID], [UserID], [GeoID], [CountryID], [StateID], [TimeLineID], [DateOfReg], [ClientID], [ClientName], [ClientAddress], [ClientContactPerson], [UserComments], [IsActive], [DealStatusID], [ProjectID], [CreatedBy], [CreatedOn], [ModifiedBy], [ModifiedOn]) VALUES (2, 1, 1, 5, 0, 1, CAST(N'2020-03-29T15:06:43.867' AS DateTime), 2, N'HYVEE ', N'Des Moines, IOWA', N'Luke Tingley', N'1 st PILOT store will come up within HYVEE Technology office ', 1, 2, 1, 1, CAST(N'2020-03-29T15:06:43.867' AS DateTime), NULL, NULL)
INSERT [out].[tbl_DealRegistration] ([DealRegID], [UserID], [GeoID], [CountryID], [StateID], [TimeLineID], [DateOfReg], [ClientID], [ClientName], [ClientAddress], [ClientContactPerson], [UserComments], [IsActive], [DealStatusID], [ProjectID], [CreatedBy], [CreatedOn], [ModifiedBy], [ModifiedOn]) VALUES (3, 1, 1, 5, 0, 5, CAST(N'2020-04-01T17:05:16.203' AS DateTime), 2, N'HYVEE ', N'Des Moines, IOWA', N'Luke Tingley', N'xyx -abc', 1, 2, 2, 1, CAST(N'2020-04-01T17:05:16.203' AS DateTime), NULL, NULL)
INSERT [out].[tbl_DealRegistration] ([DealRegID], [UserID], [GeoID], [CountryID], [StateID], [TimeLineID], [DateOfReg], [ClientID], [ClientName], [ClientAddress], [ClientContactPerson], [UserComments], [IsActive], [DealStatusID], [ProjectID], [CreatedBy], [CreatedOn], [ModifiedBy], [ModifiedOn]) VALUES (4, 1, 1, 5, 0, 5, CAST(N'2020-04-03T14:39:27.653' AS DateTime), 0, N'ABCD', N'-UTD', N'MR NITIN', N'DDDDD', 1, 1, 1, 1, CAST(N'2020-04-03T14:39:27.653' AS DateTime), NULL, NULL)
INSERT [out].[tbl_DealRegistration] ([DealRegID], [UserID], [GeoID], [CountryID], [StateID], [TimeLineID], [DateOfReg], [ClientID], [ClientName], [ClientAddress], [ClientContactPerson], [UserComments], [IsActive], [DealStatusID], [ProjectID], [CreatedBy], [CreatedOn], [ModifiedBy], [ModifiedOn]) VALUES (5, 92, 1, 5, 0, 1, CAST(N'2020-04-03T15:01:44.103' AS DateTime), 0, N'ABC', N'160 East Remington Drive
Lincon Glen Apartments, Apartment # 241.', N'Subho', N'This is a test', 1, 1, 1, 92, CAST(N'2020-04-03T15:01:44.103' AS DateTime), NULL, NULL)
INSERT [out].[tbl_DealRegistration] ([DealRegID], [UserID], [GeoID], [CountryID], [StateID], [TimeLineID], [DateOfReg], [ClientID], [ClientName], [ClientAddress], [ClientContactPerson], [UserComments], [IsActive], [DealStatusID], [ProjectID], [CreatedBy], [CreatedOn], [ModifiedBy], [ModifiedOn]) VALUES (6, 92, 1, 5, 0, 1, CAST(N'2020-04-03T15:02:22.917' AS DateTime), 0, N'ABC', N'160 East Remington Drive
Lincon Glen Apartments, Apartment # 241.', N'Subho', NULL, 1, 1, 1, 92, CAST(N'2020-04-03T15:02:22.917' AS DateTime), NULL, NULL)
SET IDENTITY_INSERT [out].[tbl_DealRegistration] OFF
SET IDENTITY_INSERT [out].[tbl_Users] ON 

INSERT [out].[tbl_Users] ([UserID], [RoleID], [FirstName], [LastName], [Email], [Password], [PhoneNumber], [IsActive], [CreatedBy], [CreatedOn], [ModifiedBy], [ModifiedOn]) VALUES (1, 1, N'Subhodip ', N'Bandyopadhyay', N'Subhodip.Bandyopadhyay@ust-global.com', N'123456', N'1110896654', 1, 1, CAST(N'2020-02-11T19:39:10.217' AS DateTime), 1, CAST(N'2020-03-13T14:13:44.257' AS DateTime))
INSERT [out].[tbl_Users] ([UserID], [RoleID], [FirstName], [LastName], [Email], [Password], [PhoneNumber], [IsActive], [CreatedBy], [CreatedOn], [ModifiedBy], [ModifiedOn]) VALUES (91, 26, N'KENNETH BOLLICK', N'KENNETH BOLLICK', N'subhodip100@yahoo.com', N'Nitin2001', N'', 1, 1, CAST(N'2020-04-03T14:42:12.150' AS DateTime), NULL, NULL)
INSERT [out].[tbl_Users] ([UserID], [RoleID], [FirstName], [LastName], [Email], [Password], [PhoneNumber], [IsActive], [CreatedBy], [CreatedOn], [ModifiedBy], [ModifiedOn]) VALUES (92, 33, N'Nitin', N'Dutt', N'nitin.dutt@ust-global.com', N'Intel@12345', N'6509964829', 1, 0, CAST(N'2020-04-03T14:49:24.867' AS DateTime), NULL, NULL)
INSERT [out].[tbl_Users] ([UserID], [RoleID], [FirstName], [LastName], [Email], [Password], [PhoneNumber], [IsActive], [CreatedBy], [CreatedOn], [ModifiedBy], [ModifiedOn]) VALUES (93, 25, N'Mahesh Athayle ', N'Mahesh Athayle ', N'mahesh.athalye@ust-global.com', N'Mahesh123', N'', 1, 1, CAST(N'2020-04-07T12:55:48.653' AS DateTime), NULL, NULL)
INSERT [out].[tbl_Users] ([UserID], [RoleID], [FirstName], [LastName], [Email], [Password], [PhoneNumber], [IsActive], [CreatedBy], [CreatedOn], [ModifiedBy], [ModifiedOn]) VALUES (94, 1, N'Ragini', N'Sharma', N'ragini.sharma@ust-global.com', N'12345@globalit', N'8884078789', 1, 0, CAST(N'2020-04-09T05:11:44.427' AS DateTime), 1, CAST(N'2020-04-09T12:39:57.917' AS DateTime))
SET IDENTITY_INSERT [out].[tbl_Users] OFF
SET IDENTITY_INSERT [ref].[tbl_Country] ON 

INSERT [ref].[tbl_Country] ([CountryID], [CountryName], [CreatedBy], [CreatedOn], [ModifiedBy], [ModifiedOn]) VALUES (1, N'Germany', 1, CAST(N'2020-03-29T14:51:50.020' AS DateTime), 1, CAST(N'2020-03-29T14:51:50.020' AS DateTime))
INSERT [ref].[tbl_Country] ([CountryID], [CountryName], [CreatedBy], [CreatedOn], [ModifiedBy], [ModifiedOn]) VALUES (2, N'Singapore', 1, CAST(N'2020-03-29T14:52:02.410' AS DateTime), 1, CAST(N'2020-03-29T14:52:02.410' AS DateTime))
INSERT [ref].[tbl_Country] ([CountryID], [CountryName], [CreatedBy], [CreatedOn], [ModifiedBy], [ModifiedOn]) VALUES (3, N'Australia', 1, CAST(N'2020-03-29T14:52:10.970' AS DateTime), 1, CAST(N'2020-03-29T14:52:10.970' AS DateTime))
INSERT [ref].[tbl_Country] ([CountryID], [CountryName], [CreatedBy], [CreatedOn], [ModifiedBy], [ModifiedOn]) VALUES (4, N'Qatar', 1, CAST(N'2020-03-29T14:52:19.457' AS DateTime), 1, CAST(N'2020-03-29T14:52:19.457' AS DateTime))
INSERT [ref].[tbl_Country] ([CountryID], [CountryName], [CreatedBy], [CreatedOn], [ModifiedBy], [ModifiedOn]) VALUES (5, N'United States of America', 1, CAST(N'2020-03-29T14:52:40.580' AS DateTime), 1, CAST(N'2020-03-29T14:52:40.580' AS DateTime))
INSERT [ref].[tbl_Country] ([CountryID], [CountryName], [CreatedBy], [CreatedOn], [ModifiedBy], [ModifiedOn]) VALUES (6, N'UK', 1, CAST(N'2020-03-29T14:52:49.503' AS DateTime), 1, CAST(N'2020-03-29T14:52:49.503' AS DateTime))
INSERT [ref].[tbl_Country] ([CountryID], [CountryName], [CreatedBy], [CreatedOn], [ModifiedBy], [ModifiedOn]) VALUES (7, N'France', 1, CAST(N'2020-03-29T14:52:57.207' AS DateTime), 1, CAST(N'2020-03-29T14:52:57.207' AS DateTime))
SET IDENTITY_INSERT [ref].[tbl_Country] OFF
SET IDENTITY_INSERT [ref].[tbl_DealStatus] ON 

INSERT [ref].[tbl_DealStatus] ([DealStatusID], [DealStatusName], [CreatedBy], [CreatedOn], [ModifiedBy], [ModifiedOn]) VALUES (1, N'Pending', 1, CAST(N'2020-03-13T00:34:56.917' AS DateTime), 1, CAST(N'2020-03-13T00:34:56.917' AS DateTime))
INSERT [ref].[tbl_DealStatus] ([DealStatusID], [DealStatusName], [CreatedBy], [CreatedOn], [ModifiedBy], [ModifiedOn]) VALUES (2, N'Approved', 1, CAST(N'2020-03-13T00:35:09.527' AS DateTime), 1, CAST(N'2020-03-13T00:35:09.527' AS DateTime))
INSERT [ref].[tbl_DealStatus] ([DealStatusID], [DealStatusName], [CreatedBy], [CreatedOn], [ModifiedBy], [ModifiedOn]) VALUES (3, N'Reject', 1, CAST(N'2020-03-13T00:35:16.057' AS DateTime), 1, CAST(N'2020-03-13T00:35:16.057' AS DateTime))
SET IDENTITY_INSERT [ref].[tbl_DealStatus] OFF
SET IDENTITY_INSERT [ref].[tbl_Geo] ON 

INSERT [ref].[tbl_Geo] ([GeoID], [GeoName], [CreatedBy], [CreatedOn], [ModifiedBy], [ModifiedOn]) VALUES (1, N'USA', 1, CAST(N'2020-03-29T14:44:44.017' AS DateTime), 1, CAST(N'2020-03-29T14:44:44.017' AS DateTime))
INSERT [ref].[tbl_Geo] ([GeoID], [GeoName], [CreatedBy], [CreatedOn], [ModifiedBy], [ModifiedOn]) VALUES (2, N'Germany', 1, CAST(N'2020-03-29T14:44:59.190' AS DateTime), 1, CAST(N'2020-03-29T14:44:59.190' AS DateTime))
INSERT [ref].[tbl_Geo] ([GeoID], [GeoName], [CreatedBy], [CreatedOn], [ModifiedBy], [ModifiedOn]) VALUES (3, N'UK', 1, CAST(N'2020-03-29T14:45:12.190' AS DateTime), 1, CAST(N'2020-03-29T14:45:12.190' AS DateTime))
INSERT [ref].[tbl_Geo] ([GeoID], [GeoName], [CreatedBy], [CreatedOn], [ModifiedBy], [ModifiedOn]) VALUES (4, N'Rest of Europe', 1, CAST(N'2020-03-29T14:45:27.110' AS DateTime), 1, CAST(N'2020-03-29T14:45:27.110' AS DateTime))
INSERT [ref].[tbl_Geo] ([GeoID], [GeoName], [CreatedBy], [CreatedOn], [ModifiedBy], [ModifiedOn]) VALUES (5, N'Australia', 1, CAST(N'2020-03-29T14:45:41.063' AS DateTime), 1, CAST(N'2020-03-29T14:45:41.063' AS DateTime))
INSERT [ref].[tbl_Geo] ([GeoID], [GeoName], [CreatedBy], [CreatedOn], [ModifiedBy], [ModifiedOn]) VALUES (6, N'Singapore', 1, CAST(N'2020-03-29T14:45:50.283' AS DateTime), 1, CAST(N'2020-03-29T14:45:50.283' AS DateTime))
INSERT [ref].[tbl_Geo] ([GeoID], [GeoName], [CreatedBy], [CreatedOn], [ModifiedBy], [ModifiedOn]) VALUES (7, N'Rest of Asia', 1, CAST(N'2020-03-29T14:46:03.610' AS DateTime), 1, CAST(N'2020-03-29T14:46:03.610' AS DateTime))
INSERT [ref].[tbl_Geo] ([GeoID], [GeoName], [CreatedBy], [CreatedOn], [ModifiedBy], [ModifiedOn]) VALUES (8, N'Qatar', 1, CAST(N'2020-03-29T14:46:15.423' AS DateTime), 1, CAST(N'2020-03-29T14:46:15.423' AS DateTime))
INSERT [ref].[tbl_Geo] ([GeoID], [GeoName], [CreatedBy], [CreatedOn], [ModifiedBy], [ModifiedOn]) VALUES (9, N'Rest of GCC', 1, CAST(N'2020-03-29T14:46:28.940' AS DateTime), 1, CAST(N'2020-03-29T14:46:28.940' AS DateTime))
SET IDENTITY_INSERT [ref].[tbl_Geo] OFF
SET IDENTITY_INSERT [ref].[tbl_Projects] ON 

INSERT [ref].[tbl_Projects] ([ProjectID], [ProjectName], [CreatedBy], [CreatedOn], [ModifiedBy], [ModifiedOn]) VALUES (1, N'ZERO Q- UP TO 300 SQ.FT', 1, CAST(N'2020-03-29T14:53:41.347' AS DateTime), 1, CAST(N'2020-03-29T14:53:41.347' AS DateTime))
INSERT [ref].[tbl_Projects] ([ProjectID], [ProjectName], [CreatedBy], [CreatedOn], [ModifiedBy], [ModifiedOn]) VALUES (2, N'ZERO Q - 300-600 SQ.FT', 1, CAST(N'2020-03-29T14:54:10.130' AS DateTime), 1, CAST(N'2020-03-29T14:54:10.130' AS DateTime))
INSERT [ref].[tbl_Projects] ([ProjectID], [ProjectName], [CreatedBy], [CreatedOn], [ModifiedBy], [ModifiedOn]) VALUES (3, N'ZERO Q- 600-1000 SQ.FT', 1, CAST(N'2020-03-29T14:54:24.677' AS DateTime), 1, CAST(N'2020-03-29T14:54:24.677' AS DateTime))
INSERT [ref].[tbl_Projects] ([ProjectID], [ProjectName], [CreatedBy], [CreatedOn], [ModifiedBy], [ModifiedOn]) VALUES (4, N'ZERO Q- 2000 SQ.FT', 1, CAST(N'2020-03-29T14:54:36.567' AS DateTime), 1, CAST(N'2020-03-29T14:54:36.567' AS DateTime))
INSERT [ref].[tbl_Projects] ([ProjectID], [ProjectName], [CreatedBy], [CreatedOn], [ModifiedBy], [ModifiedOn]) VALUES (5, N'ZERO Q-10,000 SQ.FT', 1, CAST(N'2020-03-29T14:54:51.863' AS DateTime), 1, CAST(N'2020-03-29T14:54:51.863' AS DateTime))
INSERT [ref].[tbl_Projects] ([ProjectID], [ProjectName], [CreatedBy], [CreatedOn], [ModifiedBy], [ModifiedOn]) VALUES (6, N'Existing client -New Store', 1, CAST(N'2020-03-29T15:08:30.067' AS DateTime), 1, CAST(N'2020-03-29T15:08:30.067' AS DateTime))
SET IDENTITY_INSERT [ref].[tbl_Projects] OFF
SET IDENTITY_INSERT [ref].[tbl_Roles] ON 

INSERT [ref].[tbl_Roles] ([RoleID], [RoleName], [RoleDesc], [CreatedBy], [CreatedOn], [ModifiedBy], [ModifiedOn]) VALUES (1, N'Admin', N'system Admin', 1, CAST(N'2020-02-11T19:39:10.217' AS DateTime), 1, CAST(N'2020-02-11T19:39:10.217' AS DateTime))
INSERT [ref].[tbl_Roles] ([RoleID], [RoleName], [RoleDesc], [CreatedBy], [CreatedOn], [ModifiedBy], [ModifiedOn]) VALUES (25, N'Key Collaborator', N'Primary Account Director-Ahold Delhaize', 1, CAST(N'2020-03-29T14:50:47.393' AS DateTime), 1, CAST(N'2020-03-29T14:50:47.393' AS DateTime))
INSERT [ref].[tbl_Roles] ([RoleID], [RoleName], [RoleDesc], [CreatedBy], [CreatedOn], [ModifiedBy], [ModifiedOn]) VALUES (26, N'Key Channel Partner-RBS', N'RBS Leadership', 1, CAST(N'2020-03-29T14:42:43.487' AS DateTime), 1, CAST(N'2020-03-29T14:42:43.487' AS DateTime))
INSERT [ref].[tbl_Roles] ([RoleID], [RoleName], [RoleDesc], [CreatedBy], [CreatedOn], [ModifiedBy], [ModifiedOn]) VALUES (27, N'Intel Retail Sales ', N'Sales Team Member -Intel Retail', 1, CAST(N'2020-03-29T14:43:23.377' AS DateTime), 1, CAST(N'2020-03-29T14:43:23.377' AS DateTime))
INSERT [ref].[tbl_Roles] ([RoleID], [RoleName], [RoleDesc], [CreatedBy], [CreatedOn], [ModifiedBy], [ModifiedOn]) VALUES (28, N'Platform Owner', N'CLOUDPICK Leadership', 1, CAST(N'2020-03-29T14:44:20.033' AS DateTime), 1, CAST(N'2020-03-29T14:44:20.033' AS DateTime))
INSERT [ref].[tbl_Roles] ([RoleID], [RoleName], [RoleDesc], [CreatedBy], [CreatedOn], [ModifiedBy], [ModifiedOn]) VALUES (29, N'Geo Leader', N'UST Geo Leader -APAC and Singapore', 1, CAST(N'2020-03-29T14:50:00.783' AS DateTime), 1, CAST(N'2020-03-29T14:50:00.783' AS DateTime))
INSERT [ref].[tbl_Roles] ([RoleID], [RoleName], [RoleDesc], [CreatedBy], [CreatedOn], [ModifiedBy], [ModifiedOn]) VALUES (30, N'Geo Leader', N'UST Geo Leader-Australia', 1, CAST(N'2020-03-29T14:49:43.673' AS DateTime), 1, CAST(N'2020-03-29T14:49:43.673' AS DateTime))
INSERT [ref].[tbl_Roles] ([RoleID], [RoleName], [RoleDesc], [CreatedBy], [CreatedOn], [ModifiedBy], [ModifiedOn]) VALUES (31, N'Geo Leader- UK', N'UST Geo Leader- UK', 1, CAST(N'2020-03-29T14:49:22.907' AS DateTime), 1, CAST(N'2020-03-29T14:49:22.907' AS DateTime))
INSERT [ref].[tbl_Roles] ([RoleID], [RoleName], [RoleDesc], [CreatedBy], [CreatedOn], [ModifiedBy], [ModifiedOn]) VALUES (32, N'Geo Leader-Rest of Europe', N'UST Geo Leader -Rest of Europe', 1, CAST(N'2020-03-29T14:49:01.050' AS DateTime), 1, CAST(N'2020-03-29T14:49:01.050' AS DateTime))
INSERT [ref].[tbl_Roles] ([RoleID], [RoleName], [RoleDesc], [CreatedBy], [CreatedOn], [ModifiedBy], [ModifiedOn]) VALUES (33, N'Sales Channel Partner', N'USA', 1, CAST(N'2020-04-09T05:21:29.963' AS DateTime), 1, CAST(N'2020-04-09T05:21:29.963' AS DateTime))
SET IDENTITY_INSERT [ref].[tbl_Roles] OFF
SET IDENTITY_INSERT [ref].[tbl_TimeLine] ON 

INSERT [ref].[tbl_TimeLine] ([TimeLineID], [TimeLineName], [CreatedBy], [CreatedOn], [ModifiedBy], [ModifiedOn]) VALUES (1, N'Expect SOW within 30 days', 1, CAST(N'2020-03-29T15:02:38.600' AS DateTime), 1, CAST(N'2020-03-29T15:02:38.600' AS DateTime))
INSERT [ref].[tbl_TimeLine] ([TimeLineID], [TimeLineName], [CreatedBy], [CreatedOn], [ModifiedBy], [ModifiedOn]) VALUES (2, N'Expect SOW within 60 days', 1, CAST(N'2020-03-29T15:02:53.803' AS DateTime), 1, CAST(N'2020-03-29T15:02:53.803' AS DateTime))
INSERT [ref].[tbl_TimeLine] ([TimeLineID], [TimeLineName], [CreatedBy], [CreatedOn], [ModifiedBy], [ModifiedOn]) VALUES (3, N'Expect SOW within 90 days', 1, CAST(N'2020-03-29T15:03:05.943' AS DateTime), 1, CAST(N'2020-03-29T15:03:05.943' AS DateTime))
INSERT [ref].[tbl_TimeLine] ([TimeLineID], [TimeLineName], [CreatedBy], [CreatedOn], [ModifiedBy], [ModifiedOn]) VALUES (4, N'Expect SOW within 120 days', 1, CAST(N'2020-03-29T15:03:21.647' AS DateTime), 1, CAST(N'2020-03-29T15:03:21.647' AS DateTime))
INSERT [ref].[tbl_TimeLine] ([TimeLineID], [TimeLineName], [CreatedBy], [CreatedOn], [ModifiedBy], [ModifiedOn]) VALUES (5, N'Pre-sales stage - SOW date not known', 1, CAST(N'2020-03-29T15:03:52.210' AS DateTime), 1, CAST(N'2020-03-29T15:03:52.210' AS DateTime))
INSERT [ref].[tbl_TimeLine] ([TimeLineID], [TimeLineName], [CreatedBy], [CreatedOn], [ModifiedBy], [ModifiedOn]) VALUES (6, N'Sales Stage -discussion started but SOW date not known', 1, CAST(N'2020-03-29T15:04:19.070' AS DateTime), 1, CAST(N'2020-03-29T15:04:19.070' AS DateTime))
SET IDENTITY_INSERT [ref].[tbl_TimeLine] OFF
/****** Object:  StoredProcedure [dbo].[AdminDeleteUser]    Script Date: 15-04-2020 16:12:48 ******/
SET ANSI_NULLS ON
GO
SET QUOTED_IDENTIFIER ON
GO
Create PROCEDURE [dbo].[AdminDeleteUser]  
(  
       @UserId int 
)  
AS  
BEGIN  
       BEGIN TRY      
       SET NOCOUNT ON; 
          DELETE FROM [out].[tbl_Users] WHERE UserID=@UserId

          EXEC GetAllUser
   
                 
 -- COMMIT TRANSACTION    
       END TRY     
       BEGIN CATCH      
       -- ROLLBACK TRANSACTION      
              DECLARE @ErrorMessage NVARCHAR(MAX)      
              SET @ErrorMessage  = 'User cannot deleted.This User had subcribe to a deal'--''ERROR_MESSAGE()        
              SELECT 30 as Code, @ErrorMessage AS descripion      
       END CATCH   
END  
GO
/****** Object:  StoredProcedure [dbo].[Get_DealReg_Client_MemberCount_FilterByGeo]    Script Date: 15-04-2020 16:12:48 ******/
SET ANSI_NULLS ON
GO
SET QUOTED_IDENTIFIER ON
GO
CREATE PROCEDURE [dbo].[Get_DealReg_Client_MemberCount_FilterByGeo]  
    AS   
    BEGIN  
    SET NOCOUNT ON;    
       --4                   
             WITH  
                      CTE4 
                    --Count number of all deal register, group by geo id.  
                           AS (SELECT G.GeoID,G.GeoName as GeoName , Temp2.DealRegCount
                                 from (           
                                 select GeoID,count(DealRegId) DealRegCount  from [out].[tbl_DealRegistration] 
                                 GROUP BY GeoID   
                                 )       
                                 Temp2 RIGHT JOIN [ref].[tbl_Geo] G ON Temp2.GeoID=G.GeoID ), 
                    --Count number of all ClientID, group by geo id.  
                      CTE1   
                             AS (SELECT  G.GeoID ,G.GeoName as GeoName_FromClient, Temp2.clientCount
                                        from (           
                                        select  GeoID,count(ClientID)as clientCount  from [gbl].[tbl_Clients] GROUP BY GeoID  
                                        )       
                                        Temp2 RIGHT JOIN [ref].[tbl_Geo] G ON Temp2.GeoID=G.GeoID    ), 
                                         
                    --Count number of Member Subcribe to deal, group by geo id.  
                      CTE2   
                              AS (SELECT  G.GeoID,G.GeoName as GeoName_FromSubcribe, Temp2.MemberCount
                                        from (           
                                        SELECT R.GeoID,count(DealRegSubscriberID) MemberCount from  [out].[tbl_DealRegSubscribers] S
                                        JOIN [out].[tbl_DealRegistration] R on s.DealRegID =r.DealRegID GROUP BY R.GeoID
                                        )       
                                        Temp2 RIGHT JOIN [ref].[tbl_Geo] G ON Temp2.GeoID=G.GeoID ) 

                    select CTE4.GeoName,
                    case when CTE4.DealRegCount is null then 0 else DealRegCount end as DealRegCount, 
                    case when CTE1.clientCount is null then 0 else clientCount end as clientCount,
                    case when CTE2.MemberCount is null then 0 else MemberCount end as MemberCount 
                    FROM CTE4 
                    join CTE1 ON CTE4.GeoID=CTE1.GeoID
                    join CTE2 ON CTE4.GeoID=CTE2.GeoID
  
END  
GO
/****** Object:  StoredProcedure [dbo].[Get_MasterAdminDashboard]    Script Date: 15-04-2020 16:12:48 ******/
SET ANSI_NULLS ON
GO
SET QUOTED_IDENTIFIER ON
GO
CREATE PROCEDURE [dbo].[Get_MasterAdminDashboard](@UserID int)
    AS 
    BEGIN
    SET NOCOUNT ON;                            
             EXEC   Get_UserCount_StatusCount_ClientCount
             EXEC Get_DealReg_Client_MemberCount_FilterByGeo

END
GO
/****** Object:  StoredProcedure [dbo].[Get_UserCount_StatusCount_ClientCount]    Script Date: 15-04-2020 16:12:48 ******/
SET ANSI_NULLS ON
GO
SET QUOTED_IDENTIFIER ON
GO
CREATE PROCEDURE [dbo].[Get_UserCount_StatusCount_ClientCount]    
    AS     
    BEGIN    
    SET NOCOUNT ON;      
       --1                           
       SELECT count(*)as NumberOfMember from [out].[tbl_Users] where RoleID <>1    
    
       --2    
       SELECT count(U.UserID) as NumberOfUser,DS.DealStatusName    
       FROM [out].[tbl_Users] U     
       JOIN [out].[tbl_DealRegistration] DR on U.UserID=DR.UserID    
       RIGHT JOIN [ref].[tbl_DealStatus] DS ON  DR.DealStatusID=DS.DealStatusID    
       Group BY DS.DealStatusName    
           
       --3    
       select Name As NumberOfClient from [gbl].[tbl_Clients]    


    
END 
GO
/****** Object:  StoredProcedure [dbo].[GetAllUser]    Script Date: 15-04-2020 16:12:48 ******/
SET ANSI_NULLS ON
GO
SET QUOTED_IDENTIFIER ON
GO
CREATE PROCEDURE  [dbo].[GetAllUser]
    AS 
    BEGIN
    SET NOCOUNT ON;               
select U.UserID,U.FirstName, U.LastName, U.Email, U.PhoneNumber,U.CreatedOn,U.IsActive,R.RoleName from [out].[tbl_Users] U JOIN [ref].[tbl_Roles] R
ON U.RoleID = R.RoleID

END
GO
/****** Object:  StoredProcedure [dbo].[GetSingleUser]    Script Date: 15-04-2020 16:12:48 ******/
SET ANSI_NULLS ON
GO
SET QUOTED_IDENTIFIER ON
GO
CREATE PROCEDURE  [dbo].[GetSingleUser]  (@UserId int)
    AS   
    BEGIN  
    SET NOCOUNT ON;     
       select * from [out].[tbl_Users] WHERE UserID=@UserId  
END  
GO
/****** Object:  StoredProcedure [dbo].[GetUserCommentByDealRegID]    Script Date: 15-04-2020 16:12:48 ******/
SET ANSI_NULLS ON
GO
SET QUOTED_IDENTIFIER ON
GO
CREATE PROCEDURE [dbo].[GetUserCommentByDealRegID](  
@DealRegID int)    
AS  
BEGIN 
        -- BEGIN TRANSACTION       
  BEGIN TRY
    
        
                BEGIN  
             IF EXISTS (SELECT CreatedBy FROM [out].[tbl_DealRegComments] WHERE DealRegID=@DealRegID)  
                    BEGIN   
                       SELECT C.*,U.FirstName,U.LastName,2 as Code FROM [out].[tbl_DealRegComments] C 
                                          JOIN [out].[tbl_Users] U ON C.CreatedBy=U.UserId
                                          WHERE DealRegID=@DealRegID   
                    END  
             ELSE  
                    BEGIN   
                           SELECT 20 as Code, 'No comment found for this deal' as description  
                    END  
       END  
 -- COMMIT TRANSACTION    
  END TRY     
  BEGIN CATCH      
   -- ROLLBACK TRANSACTION      
             DECLARE @ErrorMessage NVARCHAR(MAX)      
             SET @ErrorMessage  = ERROR_MESSAGE()        
             SELECT 30 as Code, @ErrorMessage AS descripion      
  END CATCH      
END 
GO
/****** Object:  StoredProcedure [dbo].[GetUserRegistrationDeal]    Script Date: 15-04-2020 16:12:48 ******/
SET ANSI_NULLS ON
GO
SET QUOTED_IDENTIFIER ON
GO
CREATE PROCEDURE [dbo].[GetUserRegistrationDeal](@UserId int)  
AS   
BEGIN  
SET NOCOUNT ON;  
SELECT DR.UserID,DR.DealRegID,DR.DateOfReg, DR.ClientName,DR.ClientAddress,DR.ClientContactPerson,DR.UserComments,     
  G.GeoName,C.CountryName,S.StateName,TL.TimeLineName,  U.FirstName ,U.LastName,
  DS.DealStatusName,P.ProjectName    
  FROM [out].[tbl_DealRegistration] DR     
    JOIN   [ref].[tbl_Geo] G ON DR.GeoID=G.GeoID    
    JOIN   [ref].[tbl_Country] C ON DR.CountryID=C.CountryID    
    LEFT JOIN   [ref].[tbl_State] S ON DR.StateID=S.StateID    
    JOIN   [ref].[tbl_TimeLine] TL ON DR.TimeLineID=TL.TimeLineID    
    JOIN   [ref].[tbl_DealStatus] DS ON DR.DealStatusID=DS.DealStatusID    
    JOIN   [ref].[tbl_Projects] P ON DR.ProjectID=P.ProjectID 
    JOIN   [out].[tbl_Users] U  ON DR.UserID=U.UserID    
	
  
       WHERE DR.UserID=@UserId                                 
END 
GO
/****** Object:  StoredProcedure [dbo].[UpdateUserDetails]    Script Date: 15-04-2020 16:12:48 ******/
SET ANSI_NULLS ON
GO
SET QUOTED_IDENTIFIER ON
GO
CREATE PROCEDURE  [dbo].[UpdateUserDetails](
@UserId int,
@FirstName NVARCHAR(100),
@LastName NVARCHAR(100),
@Email NVARCHAR(50),
@PhoneNumber NVARCHAR(20),
@IsActive bit)
    AS 
    BEGIN
    SET NOCOUNT ON;               
             Update [out].[tbl_Users] 
             SET 
                    FirstName=@FirstName,
                    LastName=@LastName,
                    Email=@Email,
                    PhoneNumber=@PhoneNumber,
                    ModifiedBy=1,
                    ModifiedOn=GETDATE()

             WHERE UserID=@UserId

			 Exec GetAllUser
END
GO
/****** Object:  StoredProcedure [dbo].[UpdateUserDetails_SingleUser]    Script Date: 15-04-2020 16:12:48 ******/
SET ANSI_NULLS ON
GO
SET QUOTED_IDENTIFIER ON
GO
CREATE PROCEDURE  [dbo].[UpdateUserDetails_SingleUser](  
       @UserID int,  
       @FirstName NVARCHAR(100),  
       @LastName NVARCHAR(100),  
       @Email NVARCHAR(50),  
       @PhoneNumber NVARCHAR(20),  
       @IsActive bit)  
    AS   
    BEGIN  
    SET NOCOUNT ON;     
  Update [out].[tbl_Users]   
  SET   
   FirstName=@FirstName,  
   LastName=@LastName,  
   Email=@Email,  
   PhoneNumber=@PhoneNumber,  
   ModifiedBy= @UserID,  
   ModifiedOn=GETDATE()  
  
  WHERE UserID=@UserID 
  
  EXEC GetSingleUser @UserId
END  
GO
/****** Object:  StoredProcedure [dbo].[UserCreateNewComment]    Script Date: 15-04-2020 16:12:48 ******/
SET ANSI_NULLS ON
GO
SET QUOTED_IDENTIFIER ON
GO
CREATE PROCEDURE [dbo].[UserCreateNewComment](
@DealRegID int,@Comment nvarchar(100),@UserId int
)
    AS 
    BEGIN
    SET NOCOUNT ON;			             
		INSERT INTO [out].[tbl_DealRegComments]
		(DealRegID,Comments,CreatedBy,CreatedOn,ModifiedBy,ModifiedOn)
		VALUES 
		(@DealRegID,@Comment,@UserId,GETDATE(),@UserId,GETDATE()  )

END 

--UserCreateNewComment 10,'new comment',10 
 
GO
/****** Object:  StoredProcedure [dbo].[usp_AddOrRemoveSubscribers]    Script Date: 15-04-2020 16:12:48 ******/
SET ANSI_NULLS ON
GO
SET QUOTED_IDENTIFIER ON
GO
CREATE PROCEDURE [dbo].[usp_AddOrRemoveSubscribers](
    @DealRegID int,
	@UserID int,
	@Status int,
	@CreatedBy int
) 
    AS 
    BEGIN
    SET NOCOUNT ON; 
   IF @Status=1                      
   BEGIN                      
     -- print ('insert')  	  	        
	insert into [out].[tbl_DealRegSubscribers](DealRegID, UserID, CreatedBy, ModifiedBy, CreatedOn,ModifiedOn)
	VALUES (@DealRegID,@UserID, @CreatedBy, @CreatedBy, GETUTCDATE(),GETUTCDATE())
	EXEC usp_GetDealMappedSubscribers @DealRegID    
	select 'sub' as retype, FirstName, LastName, Email from [out].tbl_Users where UserID=@UserID
	 select ClientName,ClientAddress,ClientContactPerson,UserComments from [out].tbl_DealRegistration where DealRegID = @DealRegID
   END                      
   ELSE                      
   BEGIN    
                     
      -- print ('Delete')    
	   DELETE from [out].[tbl_DealRegSubscribers] where DealRegID=@DealRegID and UserID = @UserID
	   EXEC usp_GetDealMappedSubscribers @DealRegID  
	   select 'unsub' as retype, FirstName, LastName, Email from [out].tbl_Users where UserID=@UserID
	 select ClientName,ClientAddress,ClientContactPerson,UserComments from [out].tbl_DealRegistration where DealRegID = @DealRegID
   END
   END  
GO
/****** Object:  StoredProcedure [dbo].[usp_AdminReport]    Script Date: 15-04-2020 16:12:48 ******/
SET ANSI_NULLS ON
GO
SET QUOTED_IDENTIFIER ON
GO
CREATE PROCEDURE [dbo].[usp_AdminReport](    
       @Type int,    
       @DealStatusID int,    
       @StartDate nvarchar(30),    
       @LastDate nvarchar(30)  
    
)     
    AS     
    BEGIN    
    SET NOCOUNT ON;     
  DECLARE @fromDate DATETIME,  @toDate DATETIME;  
  SET @fromDate = CONVERT(DATETIME, CONCAT(@StartDate, ' 00:00:00'), 102);  
  SET @toDate = CONVERT(DATETIME, CONCAT(@LastDate, ' 23:59:59'), 102);  
    --SET @fromDate = CONVERT(DATETIME, CONCAT('2020-03-02', ' 00:00:00'), 102);  
  --SET @toDate = CONVERT(DATETIME, CONCAT('2020-04-23', ' 23:59:59'), 102);  
          IF @Type=1    
          BEGIN      
                    IF @DealStatusID=0    
                    BEGIN     
                    print ('all')                
                                  SELECT DR.DealRegID,DR.DateOfReg, DR.ClientName,DR.ClientAddress,DR.ClientContactPerson,DR.UserComments,    
                           U.FirstName,U.LastName,U.Email,G.GeoName,C.CountryName,S.StateName,TL.TimeLineName,DS.DealStatusName,P.ProjectName    
                           FROM   [out].[tbl_DealRegistration] DR    
                           JOIN   [out].[tbl_Users] U ON DR.UserID= U.UserID    
                           JOIN   [ref].[tbl_Geo] G ON DR.GeoID=G.GeoID    
                           JOIN   [ref].[tbl_Country] C ON DR.CountryID=C.CountryID    
                           LEFT JOIN   [ref].[tbl_State] S ON DR.StateID=S.StateID    
                           JOIN   [ref].[tbl_TimeLine] TL ON DR.TimeLineID=TL.TimeLineID    
                           JOIN   [ref].[tbl_DealStatus] DS ON DR.DealStatusID=DS.DealStatusID    
                           JOIN   [ref].[tbl_Projects] P ON DR.ProjectID=P.ProjectID    
                           WHERE DR.DateOfReg  BETWEEN  @fromDate AND @toDate     
                    END    
                    ---------------------    
                    ELSE     
                    BEGIN    
					print(@DealStatusID)
					print(@Type)
                     print ('PENDING,APPROVE,REJECT')   
					  
                       SELECT DR.DealRegID,DR.DateOfReg, DR.ClientName,DR.ClientAddress,DR.ClientContactPerson,DR.UserComments,    
                       U.FirstName,U.LastName,U.Email,G.GeoName,C.CountryName,S.StateName,TL.TimeLineName,DS.DealStatusName,P.ProjectName    
                                                 FROM   [out].[tbl_DealRegistration] DR    
                                 JOIN   [out].[tbl_Users] U ON DR.UserID= U.UserID    
                                 JOIN   [ref].[tbl_Geo] G ON DR.GeoID=G.GeoID    
                                 JOIN   [ref].[tbl_Country] C ON DR.CountryID=C.CountryID    
                                 LEFT JOIN   [ref].[tbl_State] S ON DR.StateID=S.StateID    
                                 JOIN   [ref].[tbl_TimeLine] TL ON DR.TimeLineID=TL.TimeLineID    
                                 JOIN   [ref].[tbl_DealStatus] DS ON DR.DealStatusID=DS.DealStatusID    
                                 JOIN   [ref].[tbl_Projects] P ON DR.ProjectID=P.ProjectID    
                                 WHERE DR.DealStatusID=@DealStatusID and DR.DateOfReg  BETWEEN  @fromDate AND @toDate             
                    END                  
          END                                    
          ELSE                          
          BEGIN        
          print ('All User Report')        
                    Select U.FirstName,U.LastName,U.Email,U.PhoneNumber,U.CreatedOn,U.RoleID,  
     R.RoleID, R.RoleName  
                    from [out].[tbl_Users] U JOIN [ref].[tbl_Roles] R   
     ON U.RoleID = R.RoleID  
     WHERE  U.RoleID<>1   AND U.CreatedOn BETWEEN  @fromDate AND @toDate       
          END    
   END      
GO
/****** Object:  StoredProcedure [dbo].[usp_ChangePassword]    Script Date: 15-04-2020 16:12:48 ******/
SET ANSI_NULLS ON
GO
SET QUOTED_IDENTIFIER ON
GO
CREATE PROCEDURE [dbo].[usp_ChangePassword](
       @UserId int,
       @NewPassword nvarchar(50)
) 
    AS 
    BEGIN
    SET NOCOUNT ON; 
             UPDATE [out].[tbl_Users]
             SET Password=@NewPassword WHERE UserId=@UserId
END
GO
/****** Object:  StoredProcedure [dbo].[usp_getAdminListDetails]    Script Date: 15-04-2020 16:12:48 ******/
SET ANSI_NULLS ON
GO
SET QUOTED_IDENTIFIER ON
GO
CREATE PROCEDURE [dbo].[usp_getAdminListDetails](@UserID NVARCHAR(255) )  
AS   
BEGIN  
	SET NOCOUNT ON;    
	
	SELECT FirstName, LastName, Email, RoleID, UserID FROM [out].[tbl_Users] 
	WHERE UserID = @UserID OR RoleID = 1;

END  
GO
/****** Object:  StoredProcedure [dbo].[usp_GetDealMappedSubscribers]    Script Date: 15-04-2020 16:12:48 ******/
SET ANSI_NULLS ON
GO
SET QUOTED_IDENTIFIER ON
GO
  CREATE PROCEDURE [dbo].[usp_GetDealMappedSubscribers](
    @DealRegID int
) 
    AS 
    BEGIN
    SET NOCOUNT ON;         
		SELECT U.UserID,U.RoleID,U.FirstName,U.LastName,U.Email,U.PhoneNumber,U.IsActive,
		CASE WHEN DRS.UserID  is null then 0 else 1 end AS dealMapStatus
		FROM  [out].[tbl_DealRegSubscribers] DRS 
		RIGHT JOIN [out].[tbl_Users] U ON DRS.UserID =U.UserID WHERE DRS.DealRegID=@DealRegID or DRS.DealRegID is NULL 
		and u.RoleID<>1
END
GO
/****** Object:  StoredProcedure [dbo].[usp_GetDealRegInfo]    Script Date: 15-04-2020 16:12:48 ******/
SET ANSI_NULLS ON
GO
SET QUOTED_IDENTIFIER ON
GO
CREATE PROCEDURE [dbo].[usp_GetDealRegInfo]
    AS 
    BEGIN
    SET NOCOUNT ON;			             
		SELECT DR.DealRegID,DR.DateOfReg, DR.ClientName,DR.ClientAddress,DR.ClientContactPerson,DR.UserComments,
		U.FirstName,U.LastName,U.Email,
		G.GeoName,C.CountryName,S.StateName,TL.TimeLineName,
		DS.DealStatusName,P.ProjectName
		FROM [out].[tbl_DealRegistration] DR
		  JOIN   [out].[tbl_Users] U ON DR.UserID= U.UserID
		  JOIN   [ref].[tbl_Geo] G ON DR.GeoID=G.GeoID
		  JOIN   [ref].[tbl_Country] C ON DR.CountryID=C.CountryID
		  LEFT JOIN   [ref].[tbl_State] S ON DR.StateID=S.StateID
		  JOIN   [ref].[tbl_TimeLine] TL ON DR.TimeLineID=TL.TimeLineID
		  JOIN   [ref].[tbl_DealStatus] DS ON DR.DealStatusID=DS.DealStatusID
		  JOIN   [ref].[tbl_Projects] P ON DR.ProjectID=P.ProjectID
END
GO
/****** Object:  StoredProcedure [dbo].[usp_GetDealRegInfoWithComments]    Script Date: 15-04-2020 16:12:48 ******/
SET ANSI_NULLS ON
GO
SET QUOTED_IDENTIFIER ON
GO
CREATE PROCEDURE [dbo].[usp_GetDealRegInfoWithComments]  
    AS   
    BEGIN  
SELECT DR.DealRegID, U.FirstName,U.LastName,G.GeoName,C.CountryName,S.StateName,DR.UserComments,TL.TimeLineName,DR.DateOfReg,
P.ProjectName,DR.ClientName,DR.ClientAddress,DR.ClientContactPerson,DR.CreatedBy,DS.DealStatusName
FROM [out].[tbl_DealRegistration] DR  
  JOIN   [out].[tbl_Users] U ON DR.UserID= U.UserID  
  JOIN   [ref].[tbl_Geo] G ON DR.GeoID=G.GeoID  
  JOIN   [ref].[tbl_Country] C ON DR.CountryID=C.CountryID  
  LEFT JOIN   [ref].[tbl_State] S ON DR.StateID=S.StateID  
  JOIN   [ref].[tbl_TimeLine] TL ON DR.TimeLineID=TL.TimeLineID   
  JOIN   [ref].[tbl_Projects] P ON DR.ProjectID=P.ProjectID  
  JOIN   [ref].[tbl_DealStatus] DS ON DS.DealStatusID = DR.DealStatusID
  END 
GO
/****** Object:  StoredProcedure [dbo].[usp_GetMasterViewTable]    Script Date: 15-04-2020 16:12:48 ******/
SET ANSI_NULLS ON
GO
SET QUOTED_IDENTIFIER ON
GO
CREATE PROCEDURE [dbo].[usp_GetMasterViewTable]( @UserId int, @Type nvarchar(50))  
AS  
BEGIN  
   -- BEGIN TRANSACTION         
   SET NOCOUNT ON;    
   IF  @Type LIKE '%Role%'  
             BEGIN  
             --LIST OF ROLE  
                SELECT TR.RoleID,TR.RoleName,TR.RoleDesc,TU.UserID, TU.FirstName as CreatedBy,
				TR.CreatedOn, tr.ModifiedBy as UserModifiedId,TX.FirstName as ModifiedBy,TR.ModifiedOn from [ref].[tbl_Roles] TR  
				JOIN [out].[tbl_Users] TU ON Tr.CreatedBy=TU.UserID 
				JOIN [out].[tbl_Users] TX ON TR.ModifiedBy=TX.UserID
				 END  
               
  
       ELSE IF @Type LIKE '%Geo%'BEGIN  
             --LIST OF GEO  
             SELECT TR.GeoName,TR.GeoID,TU.UserID,TU.FirstName as CreatedBy,TR.CreatedOn, 
			  tr.ModifiedBy as UserModifiedId,TX.FirstName as ModifiedBy,TR.ModifiedOn 
			 from [ref].[tbl_Geo] TR  
             JOIN [out].[tbl_Users] TU ON Tr.CreatedBy=TU.UserID 
			 JOIN [out].[tbl_Users] TX ON TR.ModifiedBy=TX.UserID
			 END  
  
       ELSE IF @Type LIKE '%Country%'BEGIN  
             --LIST OF COUNTRY  
             SELECT TR.CountryName as countryName,CountryID as countryID ,TU.FirstName as CreatedBy,TR.CreatedOn,TU.UserID,
			 tr.ModifiedBy as UserModifiedId,TX.FirstName as ModifiedBy,TR.ModifiedOn from [ref].[tbl_Country] TR  
             JOIN [out].[tbl_Users] TU ON Tr.CreatedBy=TU.UserID 
			  JOIN [out].[tbl_Users] TX ON TR.ModifiedBy=TX.UserID
			 END  
  
       ELSE IF @Type LIKE '%State%'BEGIN  
             --LIST OF STATE  
             SELECT TC.CountryName, TR.StateId as stateID,TR.CountryID as countryID, TR.StateName as stateName,TU.FirstName as CreatedBy,
			 TR.CreatedOn,TU.UserID, tr.ModifiedBy as UserModifiedId,TX.FirstName as ModifiedBy,TR.ModifiedOn 
			 from [ref].[tbl_State] TR  
             JOIN [out].[tbl_Users] TU ON Tr.CreatedBy=TU.UserID  
             JOIN [ref].[tbl_Country] TC ON TR.CountryID=TC.CountryID
			 JOIN [out].[tbl_Users] TX ON TR.ModifiedBy=TX.UserID END  
  
       ELSE IF @Type LIKE '%TIMELINE%'BEGIN  
             --LIST OF TIMELINE  
             SELECT TR.TimeLineName as timeLineName,TR.TimeLineID as timeLineID,TU.FirstName as CreatedBy,TR.CreatedOn,TU.UserID,
			 tr.ModifiedBy as UserModifiedId,TX.FirstName as ModifiedBy,TR.ModifiedOn from [ref].tbl_TimeLine TR  
             JOIN [out].[tbl_Users] TU ON Tr.CreatedBy=TU.UserID 
			 JOIN [out].[tbl_Users] TX ON TR.ModifiedBy=TX.UserID
			 END  
  
       ELSE IF @Type LIKE '%CLIENT%'BEGIN  
             --LIST OF CLIENT  
				Select C.Name as name,C.Address as address,C.ClientID as clientID,C.CountryID as countryID, C.ContactPerson as contactPerson,
				C.GeoID as geoID,GeoName,TC.CountryName,C.StateID as stateID,TS.StateName,TU.FirstName as CreatedBy,
				C.CreatedOn,TX.FirstName as ModifiedBy,c.ModifiedBy as UserModifiedBy,TU.UserID,C.ModifiedOn  
				FROM [gbl].[tbl_Clients] C  
				JOIN [out].[tbl_Users] TU ON C.CreatedBy=TU.UserID  
				JOIN [ref].[tbl_Geo] TG ON C.GeoID=TG.GeoID  
				JOIN [ref].tbl_Country TC ON C.CountryID=TC.CountryID  
				LEFT JOIN [ref].tbl_State TS ON C.StateID=TS.StateID
				JOIN [out].[tbl_Users] TX ON C.ModifiedBy=TX.UserID
			 END  
  
       ELSE IF @Type LIKE '%PROJECT%'BEGIN  
             --LIST OF PROJECT  
             SELECT TR.ProjectID as projectID,TR.ProjectName as projectName,TU.FirstName as CreatedBy,TR.CreatedOn,
			  tr.ModifiedBy as UserModifiedId,TX.FirstName as ModifiedBy,
			 TU.UserID,TR.ModifiedBy,TR.ModifiedOn from [ref].[tbl_Projects] TR  
             JOIN [out].[tbl_Users] TU ON Tr.CreatedBy=TU.UserID
			  JOIN [out].[tbl_Users] TX ON TR.ModifiedBy=TX.UserID
			  END  
  
       ELSE IF @Type LIKE '%STATUS%' BEGIN  
  
             --LIST OF DEAL STATUS  
             SELECT TR.DealStatusID as dealStatusID,TR.DealStatusName as dealStatusName,TU.FirstName as CreatedBy,
			 TR.CreatedOn,TU.UserID,  tr.ModifiedBy as UserModifiedId,TX.FirstName as ModifiedBy,TR.ModifiedOn from [ref].[tbl_DealStatus] TR  
             JOIN [out].[tbl_Users] TU ON Tr.CreatedBy=TU.UserID
			 JOIN [out].[tbl_Users] TX ON TR.ModifiedBy=TX.UserID
			 END  
       ELSE IF @Type LIKE '%SLA%' BEGIN  
  
             --LIST OF SLA
            SELECT TC.RoleName, TR.SlaID as SlaID,TR.RoleID as RoleID, TR.SLATIME as SlaTime,TU.FirstName as CreatedBy,
			 TR.CreatedOn,TU.UserID, tr.ModifiedBy as UserModifiedId,TX.FirstName as ModifiedBy,TR.ModifiedOn 
			 from [ref].[tbl_Sla] TR  
             JOIN [out].[tbl_Users] TU ON Tr.CreatedBy=TU.UserID  
             JOIN [ref].[tbl_Roles] TC ON TR.RoleID=TC.RoleID
			 JOIN [out].[tbl_Users] TX ON TR.ModifiedBy=TX.UserID END  
   
       ELSE  
       BEGIN  
         SELECT 20 as Code, 'Type Invalid' as description  
       END  
END  
  
GO
/****** Object:  StoredProcedure [dbo].[usp_GetUserDashboard]    Script Date: 15-04-2020 16:12:48 ******/
SET ANSI_NULLS ON
GO
SET QUOTED_IDENTIFIER ON
GO
--usp_GetUserDashboard  8
CREATE PROCEDURE [dbo].[usp_GetUserDashboard](    
       @UserId int    
)     
    AS     
    BEGIN    
    SET NOCOUNT ON;  
--SELECT G.GeoName, Temp2.DealRegCount,Temp2.clientCount           
			--from (             
			-- select RG.GeoID,COUNT(RS.DealRegID)as DealRegCount,COUNT(RG.ClientName) as clientCount  
			---- RS.DealRegSubscriberID,RS.DealRegID, RS.UserID as UserSubcribe,   
			----RG.DealRegID as DealId,RS.DealRegID as SubcribeDeal,RG.GeoID,RG.ClientID,RG.ClientID,RG.ClientName     
			--from [out].[tbl_DealRegSubscribers] RS      
			--JOIN [out].[tbl_DealRegistration] RG   ON RS.DealRegID=RG.DealRegID    
			-- where RS.UserID=8--@UserId    
			-- GROUP BY RG.GeoID--)  Temp2 LEFT JOIN [ref].[tbl_Geo] G ON Temp2.GeoID=G.GeoID   
       SELECT G.GeoName, Temp2.DealRegCount,Temp2.clientCount           
             from (             
				 select RG.GeoID,COUNT(RG.DealRegID)as DealRegCount,COUNT(DISTINCT(RG.ClientName)) as clientCount     
				 from [out].[tbl_DealRegistration] RG   
				 where RG.UserID=@UserId    
				 GROUP BY RG.GeoID   
             )         
             Temp2 LEFT JOIN [ref].[tbl_Geo] G ON Temp2.GeoID=G.GeoID    
END  
GO
/****** Object:  StoredProcedure [dbo].[usp_UpdateDealStatusID]    Script Date: 15-04-2020 16:12:48 ******/
SET ANSI_NULLS ON
GO
SET QUOTED_IDENTIFIER ON
GO
CREATE PROCEDURE [dbo].[usp_UpdateDealStatusID](  
	@DealIds NVARCHAR(255),  
    @Status NVARCHAR(255)  
 )  
AS   
BEGIN  
	SET NOCOUNT ON;    
	UPDATE  [out].[tbl_DealRegistration]   
	SET DealStatusID=@Status WHERE DealRegID IN (select value from STRING_SPLIT(@DealIds, ',')) 
	
  -- Table 0
	EXEC usp_GetDealRegInfo  

-- Table 0
	SELECT DR.DealRegID, U.FirstName,U.LastName,U.Email, DR.UserComments,DR.DateOfReg,
	DR.ClientName,DR.ClientAddress,DR.ClientContactPerson,DR.CreatedBy,DS.DealStatusName  
	FROM [out].[tbl_DealRegistration] DR    
	JOIN   [ref].[tbl_DealStatus] DS ON DS.DealStatusID = DR.DealStatusID  
	JOIN   [out].[tbl_Users] U ON DR.UserID= U.UserID  
	WHERE DealRegID IN (select value from STRING_SPLIT(@DealIds, ','));
END  
GO
/****** Object:  StoredProcedure [dbo].[usp_UpdateUserComments]    Script Date: 15-04-2020 16:12:48 ******/
SET ANSI_NULLS ON
GO
SET QUOTED_IDENTIFIER ON
GO
CREATE PROCEDURE [dbo].[usp_UpdateUserComments](
    @DealId int,
    @DealComment NVARCHAR(255)
) 
    AS 
    BEGIN
    SET NOCOUNT ON;		
		UPDATE  [out].[tbl_DealRegistration] 
		SET UserComments=@DealComment WHERE DealRegID=@DealId
		EXEC usp_GetDealRegInfoWithComments
END 
GO
/****** Object:  StoredProcedure [dbo].[usp_UserChangePassword]    Script Date: 15-04-2020 16:12:48 ******/
SET ANSI_NULLS ON
GO
SET QUOTED_IDENTIFIER ON
GO
CREATE PROCEDURE [dbo].[usp_UserChangePassword]
(
       @UserId int ,
       @oldPassword nvarchar(100),
       @newPassword nvarchar(100),
       @ModifiedBy int,
       @RoleType nvarchar(100)
)
AS
BEGIN
       BEGIN TRY    
       SET NOCOUNT ON;  
              IF @UserId<>''
              BEGIN
                      ------------------------
                      IF @RoleType='Member'
                      BEGIN
                             IF EXISTS (SELECT LastName FROM [out].[tbl_Users] WHERE UserID =  @UserId AND Password =@oldPassword)
                             BEGIN     
                                    UPDATE [out].[tbl_Users] SET 
                                           [Password] = @newPassword,
                                           [ModifiedBy] = @ModifiedBy,
                                           [ModifiedOn] = GETDATE()
                                    WHERE UserID = @UserId;
                                    SELECT 10 as Code, 'Password updated successfully' as descripion
                             END
                             ELSE
                             BEGIN 
                                    SELECT 20 as Code, 'Invalid User ID or Password' as descripion
                             END
                      END
                      ------------------------
                      ELSE IF  @RoleType='Admin'         
                                                IF EXISTS (SELECT LastName FROM [out].[tbl_Users] WHERE UserID =  @UserId AND Password =@oldPassword)
                             BEGIN     
                                    UPDATE [out].[tbl_Users] SET 
                                           [Password] = @newPassword,
                                           [ModifiedBy] = @ModifiedBy,
                                           [ModifiedOn] = GETDATE()
                                    WHERE UserID = @UserId;
                                    SELECT 10 as Code, 'Admin Password updated successfully' as descripion
                             END
                             ELSE
                             BEGIN 
                                    SELECT 20 as Code, 'Invalid Admin ID or Password' as descripion
                             END
                      ------------------------
                      ELSE
                      BEGIN
                      SELECT 20 as Code, 'Invalid Role type' as descripion
                      END
              END
              ELSE
        BEGIN
            SELECT 20 as Code, 'Invalid User ID' as descripion
        END     
 -- COMMIT TRANSACTION  
       END TRY   
       BEGIN CATCH    
       -- ROLLBACK TRANSACTION    
              DECLARE @ErrorMessage NVARCHAR(MAX)    
              SET @ErrorMessage  = ERROR_MESSAGE()      
              SELECT 30 as Code, @ErrorMessage AS descripion    
       END CATCH 
END
GO
/****** Object:  StoredProcedure [dbo].[Usp_UserDealFilterByID]    Script Date: 15-04-2020 16:12:48 ******/
SET ANSI_NULLS ON
GO
SET QUOTED_IDENTIFIER ON
GO
CREATE PROCEDURE [dbo].[Usp_UserDealFilterByID](@UserId int)
    AS 
    BEGIN
    SET NOCOUNT ON;                            
             SELECT DR.DealRegID,DR.DateOfReg,DR.CreatedBy, DR.ClientName,DR.ClientAddress,DR.ClientContactPerson,DR.UserComments,
       G.GeoName,C.CountryName,S.StateName,TL.TimeLineName,DS.DealStatusName,P.ProjectName, U.FirstName,U.LastName
             FROM   [out].[tbl_DealRegistration] DR
             JOIN   [out].[tbl_Users] U ON DR.UserID= U.UserID
             JOIN   [ref].[tbl_Geo] G ON DR.GeoID=G.GeoID
             JOIN   [ref].[tbl_Country] C ON DR.CountryID=C.CountryID
             LEFT JOIN   [ref].[tbl_State] S ON DR.StateID=S.StateID
             JOIN   [ref].[tbl_TimeLine] TL ON DR.TimeLineID=TL.TimeLineID
             JOIN   [ref].[tbl_DealStatus]  DS ON DR.DealStatusID=DS.DealStatusID
             JOIN   [ref].[tbl_Projects] P ON DR.ProjectID=P.ProjectID
			 JOIN   [out].[tbl_DealRegSubscribers] TSD ON DR.DealRegID=TSD.DealRegID
             WHERE TSD.UserID=@UserId
END
GO
/****** Object:  StoredProcedure [dbo].[usp_UserForgotPassword]    Script Date: 15-04-2020 16:12:48 ******/
SET ANSI_NULLS ON
GO
SET QUOTED_IDENTIFIER ON
GO

CREATE PROCEDURE [dbo].[usp_UserForgotPassword]
(
       @emailID nvarchar(100)
)
AS
BEGIN
       -- BEGIN TRANSACTION     
  BEGIN TRY    
   SET NOCOUNT ON;  
   IF @emailID<>''
       BEGIN
             IF EXISTS (SELECT UserID FROM [out].[tbl_Users] WHERE Email =  @emailID)
                    BEGIN 
                           Declare @OTP nvarchar(6) = LEFT(CAST(RAND()*1000000000+999999 AS INT),6)
                           UPDATE [out].[tbl_Users] SET 
                              [Password] = @OTP,
                              [ModifiedBy] = '1',
                              [ModifiedOn] = GETDATE()
                           WHERE Email =  @emailID;
                           SELECT 10 as Code,@OTP as OTP, 'OTP Generated, Please check your Email for OTP' as descripion
                    END
             ELSE
                    BEGIN 
                           SELECT 20 as Code, 'Invalid Email-ID' as descripion
                    END
       END
   ELSE
   BEGIN
       SELECT 20 as Code, 'Invalid Email-ID' as descripion
   END     
 -- COMMIT TRANSACTION  
  END TRY   
  BEGIN CATCH    
   -- ROLLBACK TRANSACTION    
             DECLARE @ErrorMessage NVARCHAR(MAX)    
             SET @ErrorMessage  = ERROR_MESSAGE()      
             SELECT 30 as Code, @ErrorMessage AS descripion    
  END CATCH    
END 
GO
